source_product_id,source_product_name,recommended_product_id,recommended_product_name,pair_orders,confidence,lift,support
1,Motor de Popa 6014,136,Colete Salva-Vidas 9822,3,0.009523809523809525,3.6773675762439813,8.729812309035356e-05
1,Motor de Popa 6014,397,GPS Plotter 3411,3,0.009523809523809525,3.146978021978022,8.729812309035356e-05
1,Motor de Popa 6014,482,GPS Plotter 6316,6,0.01904761904761905,3.0026212319790306,0.00017459624618070712
1,Motor de Popa 6014,329,Colete Salva-Vidas 3098,5,0.015873015873015872,2.9326676907322065,0.00014549687181725592
1,Motor de Popa 6014,305,Bateria Náutica 5556,3,0.009523809523809525,2.727380952380953,8.729812309035356e-05
2,Vela Mestra 3870,403,Vela Mestra 807,3,0.010344827586206896,4.133720930232558,8.729812309035356e-05
2,Vela Mestra 3870,263,Tinta Antifouling 3557,3,0.010344827586206896,3.485294117647059,8.729812309035356e-05
2,Vela Mestra 3870,252,Defensa Náutica 9558,3,0.010344827586206896,3.4182692307692304,8.729812309035356e-05
2,Vela Mestra 3870,299,Hélice de Alumínio 9238,8,0.027586206896551724,2.9905362776025237,0.00023279499490760948
2,Vela Mestra 3870,467,Colete Salva-Vidas 2345,2,0.006896551724137931,2.821428571428571,5.819874872690237e-05
3,Tinta Antifouling 5479,248,Tinta Antifouling 3953,3,0.013157894736842105,4.476941115164148,8.729812309035356e-05
3,Tinta Antifouling 5479,380,Sonar Transducer 8538,3,0.013157894736842105,4.186769005847953,8.729812309035356e-05
3,Tinta Antifouling 5479,8,Cabo Náutico 1373,2,0.008771929824561403,3.4255382775119614,5.819874872690237e-05
3,Tinta Antifouling 5479,446,Vela Mestra 2993,2,0.008771929824561403,3.3126084441873918,5.819874872690237e-05
3,Tinta Antifouling 5479,120,Motor de Popa 8681,2,0.008771929824561403,3.1731301939058167,5.819874872690237e-05
4,Sonar Transducer 9933,289,Motor de Popa 8515,7,0.040229885057471264,4.4028662420382165,0.0002036956205441583
4,Sonar Transducer 9933,478,Tinta Antifouling 3290,2,0.011494252873563218,4.157894736842105,5.819874872690237e-05
4,Sonar Transducer 9933,405,Bateria Náutica 9124,4,0.022988505747126436,3.910891089108911,0.00011639749745380474
4,Sonar Transducer 9933,248,Tinta Antifouling 3953,2,0.011494252873563218,3.910891089108911,5.819874872690237e-05
4,Sonar Transducer 9933,326,Defensa Náutica 824,2,0.011494252873563218,3.910891089108911,5.819874872690237e-05
5,Bússola de Bordo 3641,69,Motor de Popa 2195,4,0.013605442176870748,5.5660835762876575,0.00011639749745380474
5,Bússola de Bordo 3641,467,Colete Salva-Vidas 2345,4,0.013605442176870748,5.5660835762876575,0.00011639749745380474
5,Bússola de Bordo 3641,18,Âncora Bruce 7120,4,0.013605442176870748,4.770928779675136,0.00011639749745380474
5,Bússola de Bordo 3641,38,Sonar Transducer 7290,4,0.013605442176870748,4.539330295224886,0.00011639749745380474
5,Bússola de Bordo 3641,282,Cabo Náutico 8086,3,0.01020408163265306,3.8115572315882873,8.729812309035356e-05
6,Defensa Náutica 7487,472,Defensa Náutica 9030,3,0.009900990099009901,4.002912055911473,8.729812309035356e-05
6,Defensa Náutica 7487,424,Colete Salva-Vidas 8874,6,0.019801980198019802,3.8230058960952276,0.00017459624618070712
6,Defensa Náutica 7487,109,Âncora Bruce 8139,3,0.009900990099009901,3.6196545186433533,8.729812309035356e-05
6,Defensa Náutica 7487,353,Cabo Náutico 2862,3,0.009900990099009901,3.6196545186433533,8.729812309035356e-05
6,Defensa Náutica 7487,163,Defensa Náutica 1277,3,0.009900990099009901,3.436843684368437,8.729812309035356e-05
7,Cabo Náutico 4894,317,Defensa Náutica 3153,4,0.017699115044247787,6.911705551086082,0.00011639749745380474
7,Cabo Náutico 4894,113,Hélice de Alumínio 1281,4,0.017699115044247787,5.154492275386231,0.00011639749745380474
7,Cabo Náutico 4894,109,Âncora Bruce 8139,3,0.01327433628318584,4.85289964225193,8.729812309035356e-05
7,Cabo Náutico 4894,407,Motor de Popa 3225,3,0.01327433628318584,4.85289964225193,8.729812309035356e-05
7,Cabo Náutico 4894,221,Sonar Transducer 4498,3,0.01327433628318584,3.8014380530973453,8.729812309035356e-05
8,Cabo Náutico 1373,390,Defensa Náutica 3955,2,0.022727272727272728,7.29927782497876,5.819874872690237e-05
8,Cabo Náutico 1373,14,Defensa Náutica 1161,3,0.03409090909090909,5.916838842975206,8.729812309035356e-05
8,Cabo Náutico 1373,405,Bateria Náutica 9124,3,0.03409090909090909,5.799673717371737,8.729812309035356e-05
8,Cabo Náutico 1373,285,Âncora Bruce 1131,3,0.03409090909090909,5.0936264822134385,8.729812309035356e-05
8,Cabo Náutico 1373,308,Motor de Popa 1540,4,0.045454545454545456,4.9120926243567755,0.00011639749745380474
9,Tinta Antifouling 874,353,Cabo Náutico 2862,5,0.0165016501650165,6.032757531072256,0.00014549687181725592
9,Tinta Antifouling 874,72,Motor de Popa 9771,4,0.013201320132013201,4.124212421242125,0.00011639749745380474
9,Tinta Antifouling 874,415,Bateria Náutica 6140,4,0.013201320132013201,3.9795032134792425,0.00011639749745380474
9,Tinta Antifouling 874,137,Motor de Popa 8544,4,0.013201320132013201,3.8122971961061656,0.00011639749745380474
9,Tinta Antifouling 874,13,GPS Plotter 7021,3,0.009900990099009901,3.7389837884887394,8.729812309035356e-05
10,Colete Salva-Vidas 6199,359,Hélice de Alumínio 8562,2,0.019417475728155338,7.6699029126213585,5.819874872690237e-05
10,Colete Salva-Vidas 6199,33,Hélice de Alumínio 7117,4,0.038834951456310676,6.606748053446121,0.00011639749745380474
10,Colete Salva-Vidas 6199,228,Defensa Náutica 9651,2,0.019417475728155338,6.3550624133148395,5.819874872690237e-05
10,Colete Salva-Vidas 6199,355,Cabo Náutico 1755,2,0.019417475728155338,6.178532901833872,5.819874872690237e-05
10,Colete Salva-Vidas 6199,415,Bateria Náutica 6140,2,0.019417475728155338,5.8533469596320895,5.819874872690237e-05
11,Hélice de Alumínio 4091,172,Defensa Náutica 2684,3,0.015228426395939087,5.627149173080072,8.729812309035356e-05
11,Hélice de Alumínio 4091,495,Sonar Transducer 4154,3,0.015228426395939087,5.080824010645113,8.729812309035356e-05
11,Hélice de Alumínio 4091,371,Motor de Popa 4088,3,0.015228426395939087,4.98404641044235,8.729812309035356e-05
11,Hélice de Alumínio 4091,159,GPS Plotter 2508,5,0.025380710659898477,4.114189253902882,0.00014549687181725592
11,Hélice de Alumínio 4091,330,Bússola de Bordo 4659,2,0.01015228426395939,3.9645823719427775,5.819874872690237e-05
12,Cabo Náutico 8028,296,Vela Mestra 9794,4,0.031007751937984496,11.216646266829864,0.00011639749745380474
12,Cabo Náutico 8028,109,Âncora Bruce 8139,2,0.015503875968992248,5.667986145472538,5.819874872690237e-05
12,Cabo Náutico 8028,365,Sonar Transducer 455,2,0.015503875968992248,5.4926876048909135,5.819874872690237e-05
12,Cabo Náutico 8028,38,Sonar Transducer 7290,2,0.015503875968992248,5.172725220139986,5.819874872690237e-05
12,Cabo Náutico 8028,380,Sonar Transducer 8538,2,0.015503875968992248,4.9332472006890615,5.819874872690237e-05
13,GPS Plotter 7021,317,Defensa Náutica 3153,2,0.02197802197802198,8.582667332667333,5.819874872690237e-05
13,GPS Plotter 7021,349,Bateria Náutica 5090,2,0.02197802197802198,7.629037629037629,5.819874872690237e-05
13,GPS Plotter 7021,485,GPS Plotter 5365,3,0.03296703296703297,6.090925203828429,8.729812309035356e-05
13,GPS Plotter 7021,171,Motor de Popa 6225,5,0.054945054945054944,6.051880811496196,0.00014549687181725592
13,GPS Plotter 7021,302,GPS Plotter 9135,3,0.03296703296703297,5.3439249429815465,8.729812309035356e-05
14,Defensa Náutica 1161,8,Cabo Náutico 1373,3,0.015151515151515152,5.916838842975206,8.729812309035356e-05
14,Defensa Náutica 1161,151,Hélice de Alumínio 7225,3,0.015151515151515152,5.480861244019139,8.729812309035356e-05
14,Defensa Náutica 1161,383,Sonar Transducer 7919,6,0.030303030303030304,4.587505006007208,0.00017459624618070712
14,Defensa Náutica 1161,494,Motor de Popa 4783,3,0.015151515151515152,4.1990469208211145,8.729812309035356e-05
14,Defensa Náutica 1161,347,Bússola de Bordo 9956,2,0.010101010101010102,4.036293164200141,5.819874872690237e-05
15,Bússola de Bordo 6287,85,Hélice de Alumínio 6549,2,0.019801980198019802,7.561056105610561,5.819874872690237e-05
15,Bússola de Bordo 6287,353,Cabo Náutico 2862,2,0.019801980198019802,7.239309037286707,5.819874872690237e-05
15,Bússola de Bordo 6287,250,Hélice de Alumínio 8577,2,0.019801980198019802,6.737574747573768,5.819874872690237e-05
15,Bússola de Bordo 6287,326,Defensa Náutica 824,2,0.019801980198019802,6.737574747573768,5.819874872690237e-05
15,Bússola de Bordo 6287,500,Motor de Popa 7932,3,0.0297029702970297,4.979232069548418,8.729812309035356e-05
16,Hélice de Alumínio 8340,230,Bússola de Bordo 4361,5,0.01639344262295082,5.416929382093317,0.00014549687181725592
16,Hélice de Alumínio 8340,8,Cabo Náutico 1373,3,0.009836065573770493,3.8410953800298064,8.729812309035356e-05
16,Hélice de Alumínio 8340,386,Sonar Transducer 9061,7,0.022950819672131147,3.5850223546944857,0.0002036956205441583
16,Hélice de Alumínio 8340,122,Vela Mestra 7742,3,0.009836065573770493,3.48470508703735,8.729812309035356e-05
16,Hélice de Alumínio 8340,275,Cabo Náutico 5921,8,0.02622950819672131,2.889029003783102,0.00023279499490760948
17,GPS Plotter 3436,172,Defensa Náutica 2684,3,0.014705882352941176,5.434060721062618,8.729812309035356e-05
17,GPS Plotter 3436,221,Sonar Transducer 4498,3,0.014705882352941176,4.21139705882353,8.729812309035356e-05
17,GPS Plotter 3436,181,Bateria Náutica 7848,5,0.024509803921568627,3.863667026443605,0.00014549687181725592
17,GPS Plotter 3436,87,Vela Mestra 9995,5,0.024509803921568627,3.828542780748663,0.00014549687181725592
17,GPS Plotter 3436,445,Hélice de Alumínio 9779,4,0.0196078431372549,3.546439628482972,0.00011639749745380474
18,Âncora Bruce 7120,89,Âncora Bruce 2687,3,0.030612244897959183,8.694130544779895,8.729812309035356e-05
18,Âncora Bruce 7120,448,Bateria Náutica 6898,2,0.02040816326530612,7.969619666048237,5.819874872690237e-05
18,Âncora Bruce 7120,353,Cabo Náutico 2862,2,0.02040816326530612,7.4609205384281365,5.819874872690237e-05
18,Âncora Bruce 7120,142,Cabo Náutico 3932,2,0.02040816326530612,7.382384532760471,5.819874872690237e-05
18,Âncora Bruce 7120,452,Tinta Antifouling 4641,2,0.02040816326530612,7.013265306122449,5.819874872690237e-05
19,Âncora Bruce 4405,236,Bateria Náutica 9272,3,0.014084507042253521,4.745236122618062,8.729812309035356e-05
19,Âncora Bruce 4405,461,Colete Salva-Vidas 3259,3,0.014084507042253521,4.566170608557003,8.729812309035356e-05
19,Âncora Bruce 4405,184,Tinta Antifouling 8753,3,0.014084507042253521,4.481611893583724,8.729812309035356e-05
19,Âncora Bruce 4405,35,Colete Salva-Vidas 8211,6,0.028169014084507043,4.420219949836002,0.00017459624618070712
19,Âncora Bruce 4405,484,Hélice de Alumínio 6668,5,0.023474178403755867,3.8597614394500974,0.00014549687181725592
20,GPS Plotter 7169,463,Motor de Popa 8671,3,0.01485148514851485,5.866336633663366,8.729812309035356e-05
20,GPS Plotter 7169,34,Defensa Náutica 5959,3,0.01485148514851485,5.261559661120751,8.729812309035356e-05
20,GPS Plotter 7169,240,Bússola de Bordo 702,3,0.01485148514851485,5.053181060680325,8.729812309035356e-05
20,GPS Plotter 7169,135,GPS Plotter 3319,6,0.0297029702970297,4.792218658485567,0.00017459624618070712
20,GPS Plotter 7169,316,Cabo Náutico 6564,6,0.0297029702970297,4.476941115164148,0.00017459624618070712
21,Âncora Bruce 6850,324,Colete Salva-Vidas 5603,3,0.015384615384615385,5.234577303884235,8.729812309035356e-05
21,Âncora Bruce 6850,429,GPS Plotter 3591,3,0.015384615384615385,5.234577303884235,8.729812309035356e-05
21,Âncora Bruce 6850,380,Sonar Transducer 8538,3,0.015384615384615385,4.895299145299146,8.729812309035356e-05
21,Âncora Bruce 6850,226,Hélice de Alumínio 3756,3,0.015384615384615385,4.518737672583827,8.729812309035356e-05
21,Âncora Bruce 6850,106,Hélice de Alumínio 2016,4,0.020512820512820513,4.272261072261073,0.00011639749745380474
22,Vela Mestra 7039,454,Vela Mestra 401,2,0.011299435028248588,4.362978480289469,5.819874872690237e-05
22,Vela Mestra 7039,365,Sonar Transducer 455,2,0.011299435028248588,4.003145203564564,5.819874872690237e-05
22,Vela Mestra 7039,18,Âncora Bruce 7120,2,0.011299435028248588,3.9622967831200278,5.819874872690237e-05
22,Vela Mestra 7039,163,Defensa Náutica 1277,2,0.011299435028248588,3.9222735832905324,5.819874872690237e-05
22,Vela Mestra 7039,497,Colete Salva-Vidas 9810,6,0.03389830508474576,3.9091115914002956,0.00017459624618070712
23,Âncora Bruce 4975,193,Cabo Náutico 8225,3,0.013513513513513514,4.738692774407061,8.729812309035356e-05
23,Âncora Bruce 4975,209,Cabo Náutico 7626,3,0.013513513513513514,4.34011113917656,8.729812309035356e-05
23,Âncora Bruce 4975,300,GPS Plotter 7543,3,0.013513513513513514,3.9691614691614694,8.729812309035356e-05
23,Âncora Bruce 4975,363,Motor de Popa 1279,5,0.02252252252252252,3.8893793290778214,0.00014549687181725592
23,Âncora Bruce 4975,309,Motor de Popa 4415,2,0.009009009009009009,3.5585585585585586,5.819874872690237e-05
24,Colete Salva-Vidas 3398,437,Hélice de Alumínio 728,3,0.012295081967213115,3.5210040983606556,8.729812309035356e-05
24,Colete Salva-Vidas 3398,69,Motor de Popa 2195,2,0.00819672131147541,3.353337236533958,5.819874872690237e-05
24,Colete Salva-Vidas 3398,12,Cabo Náutico 8028,3,0.012295081967213115,3.2753526496378194,8.729812309035356e-05
24,Colete Salva-Vidas 3398,488,Bateria Náutica 9984,4,0.01639344262295082,3.1297814207650276,0.00011639749745380474
24,Colete Salva-Vidas 3398,211,Cabo Náutico 9796,2,0.00819672131147541,3.1297814207650276,5.819874872690237e-05
25,Bússola de Bordo 799,85,Hélice de Alumínio 6549,2,0.017699115044247787,6.758112094395281,5.819874872690237e-05
25,Bússola de Bordo 799,66,TBD,4,0.035398230088495575,5.905146490248303,0.00011639749745380474
25,Bússola de Bordo 799,102,Bateria Náutica 3506,2,0.017699115044247787,5.288957291265871,5.819874872690237e-05
25,Bússola de Bordo 799,305,Bateria Náutica 5556,2,0.017699115044247787,5.068584070796461,5.819874872690237e-05
25,Bússola de Bordo 799,363,Motor de Popa 1279,3,0.02654867256637168,4.584648908258105,8.729812309035356e-05
26,Bússola de Bordo 3795,427,Âncora Bruce 5445,3,0.015957446808510637,5.896533973919011,8.729812309035356e-05
26,Bússola de Bordo 3795,56,Sonar Transducer 4571,2,0.010638297872340425,4.250989609104404,5.819874872690237e-05
26,Bússola de Bordo 3795,359,Hélice de Alumínio 8562,2,0.010638297872340425,4.202127659574468,5.819874872690237e-05
26,Bússola de Bordo 3795,246,Motor de Popa 1365,2,0.010638297872340425,4.0620567375886525,5.819874872690237e-05
26,Bússola de Bordo 3795,446,Vela Mestra 2993,2,0.010638297872340425,4.017418751461305,5.819874872690237e-05
27,Colete Salva-Vidas 7001,221,Sonar Transducer 4498,4,0.021739130434782608,6.225543478260869,0.00011639749745380474
27,Colete Salva-Vidas 7001,324,Colete Salva-Vidas 5603,3,0.016304347826086956,5.547513990529488,8.729812309035356e-05
27,Colete Salva-Vidas 7001,372,Vela Mestra 500,3,0.016304347826086956,5.047737955346651,8.729812309035356e-05
27,Colete Salva-Vidas 7001,186,Motor de Popa 4710,2,0.010869565217391304,4.293478260869565,5.819874872690237e-05
27,Colete Salva-Vidas 7001,309,Motor de Popa 4415,2,0.010869565217391304,4.293478260869565,5.819874872690237e-05
28,Colete Salva-Vidas 1890,230,Bússola de Bordo 4361,3,0.014285714285714285,4.720467032967033,8.729812309035356e-05
28,Colete Salva-Vidas 1890,471,Colete Salva-Vidas 7201,3,0.014285714285714285,4.720467032967033,8.729812309035356e-05
28,Colete Salva-Vidas 1890,463,Motor de Popa 8671,2,0.009523809523809525,3.7619047619047623,5.819874872690237e-05
28,Colete Salva-Vidas 1890,172,Defensa Náutica 2684,2,0.009523809523809525,3.5192012288786483,5.819874872690237e-05
28,Colete Salva-Vidas 1890,109,Âncora Bruce 8139,2,0.009523809523809525,3.4817629179331306,5.819874872690237e-05
29,Defensa Náutica 3153,367,Sonar Transducer 4574,4,0.011695906432748537,3.8279030910609855,0.00011639749745380474
29,Defensa Náutica 3153,184,Tinta Antifouling 8753,4,0.011695906432748537,3.721572449642625,0.00011639749745380474
29,Defensa Náutica 3153,234,Defensa Náutica 417,10,0.029239766081871343,3.220591542959964,0.00029099374363451185
29,Defensa Náutica 3153,478,Tinta Antifouling 3290,3,0.008771929824561403,3.1731301939058167,8.729812309035356e-05
29,Defensa Náutica 3153,193,Cabo Náutico 8225,3,0.008771929824561403,3.0759935553168636,8.729812309035356e-05
30,Colete Salva-Vidas 8612,83,Bússola de Bordo 7257,3,0.03571428571428571,5.929089026915113,8.729812309035356e-05
30,Colete Salva-Vidas 8612,181,Bateria Náutica 7848,3,0.03571428571428571,5.629914809960681,8.729812309035356e-05
30,Colete Salva-Vidas 8612,165,GPS Plotter 6840,3,0.03571428571428571,5.454761904761905,8.729812309035356e-05
30,Colete Salva-Vidas 8612,254,Bússola de Bordo 7825,4,0.047619047619047616,5.146001796945193,0.00011639749745380474
30,Colete Salva-Vidas 8612,467,Colete Salva-Vidas 2345,1,0.011904761904761904,4.8703231292517,2.9099374363451186e-05
31,Sonar Transducer 4635,448,Bateria Náutica 6898,3,0.01694915254237288,6.618836671802773,8.729812309035356e-05
31,Sonar Transducer 4635,472,Defensa Náutica 9030,2,0.011299435028248588,4.568295114656031,5.819874872690237e-05
31,Sonar Transducer 4635,446,Vela Mestra 2993,2,0.011299435028248588,4.26708884336003,5.819874872690237e-05
31,Sonar Transducer 4635,109,Âncora Bruce 8139,2,0.011299435028248588,4.130905156869816,5.819874872690237e-05
31,Sonar Transducer 4635,142,Cabo Náutico 3932,2,0.011299435028248588,4.087421944692239,5.819874872690237e-05
32,Defensa Náutica 793,367,Sonar Transducer 4574,4,0.017857142857142856,5.844387755102041,0.00011639749745380474
32,Defensa Náutica 793,309,Motor de Popa 4415,3,0.013392857142857142,5.290178571428571,8.729812309035356e-05
32,Defensa Náutica 793,85,Hélice de Alumínio 6549,3,0.013392857142857142,5.113839285714286,8.729812309035356e-05
32,Defensa Náutica 793,218,Bússola de Bordo 4059,3,0.013392857142857142,4.648944805194805,8.729812309035356e-05
32,Defensa Náutica 793,225,Âncora Bruce 7480,3,0.013392857142857142,4.468403259361997,8.729812309035356e-05
33,Hélice de Alumínio 7117,10,Colete Salva-Vidas 6199,4,0.019801980198019802,6.606748053446121,0.00011639749745380474
33,Hélice de Alumínio 7117,207,Tinta Antifouling 179,3,0.01485148514851485,4.907416222391469,8.729812309035356e-05
33,Hélice de Alumínio 7117,51,Defensa Náutica 9969,3,0.01485148514851485,4.725660066006601,8.729812309035356e-05
33,Hélice de Alumínio 7117,489,Defensa Náutica 9755,3,0.01485148514851485,4.63973897389739,8.729812309035356e-05
33,Hélice de Alumínio 7117,347,Bússola de Bordo 9956,2,0.009900990099009901,3.956366566889247,5.819874872690237e-05
34,Defensa Náutica 5959,326,Defensa Náutica 824,2,0.020618556701030927,7.015412881494335,5.819874872690237e-05
34,Defensa Náutica 5959,397,GPS Plotter 3411,2,0.020618556701030927,6.81304520222046,5.819874872690237e-05
34,Defensa Náutica 5959,305,Bateria Náutica 5556,2,0.020618556701030927,5.904639175257732,5.819874872690237e-05
34,Defensa Náutica 5959,20,GPS Plotter 7169,3,0.030927835051546393,5.261559661120752,8.729812309035356e-05
34,Defensa Náutica 5959,261,Âncora Bruce 7226,3,0.030927835051546393,4.4284793814432994,8.729812309035356e-05
35,Colete Salva-Vidas 8211,371,Motor de Popa 4088,3,0.0136986301369863,4.483365949119373,8.729812309035356e-05
35,Colete Salva-Vidas 8211,19,Âncora Bruce 4405,6,0.0273972602739726,4.420219949836002,0.00017459624618070712
35,Colete Salva-Vidas 8211,458,Sonar Transducer 9222,3,0.0136986301369863,4.35882800608828,8.729812309035356e-05
35,Colete Salva-Vidas 8211,249,Motor de Popa 1606,8,0.0365296803652968,4.1844748858447485,0.00023279499490760948
35,Colete Salva-Vidas 8211,472,Defensa Náutica 9030,2,0.0091324200913242,3.69218372280419,5.819874872690237e-05
36,GPS Plotter 8951,292,Vela Mestra 7242,3,0.014285714285714285,4.306390977443609,8.729812309035356e-05
36,GPS Plotter 8951,309,Motor de Popa 4415,2,0.009523809523809525,3.7619047619047623,5.819874872690237e-05
36,GPS Plotter 8951,330,Bússola de Bordo 4659,2,0.009523809523809525,3.7191558441558445,5.819874872690237e-05
36,GPS Plotter 8951,79,Sonar Transducer 5255,2,0.009523809523809525,3.636507936507937,5.819874872690237e-05
36,GPS Plotter 8951,307,Vela Mestra 6857,2,0.009523809523809525,3.636507936507937,5.819874872690237e-05
37,Âncora Bruce 3597,107,Tinta Antifouling 5097,5,0.015527950310559006,4.8073694812825245,0.00014549687181725592
37,Âncora Bruce 3597,124,Âncora Bruce 9985,8,0.024844720496894408,4.02730575413102,0.00023279499490760948
37,Âncora Bruce 3597,359,Hélice de Alumínio 8562,3,0.009316770186335404,3.6801242236024847,8.729812309035356e-05
37,Âncora Bruce 3597,122,Vela Mestra 7742,3,0.009316770186335404,3.300729973746558,8.729812309035356e-05
37,Âncora Bruce 3597,316,Cabo Náutico 6564,7,0.021739130434782608,3.276601830663615,0.0002036956205441583
38,Sonar Transducer 7290,287,Âncora Bruce 4980,2,0.019417475728155338,6.808995442837329,5.819874872690237e-05
38,Sonar Transducer 7290,139,Sonar Transducer 7171,2,0.019417475728155338,6.606748053446121,5.819874872690237e-05
38,Sonar Transducer 7290,207,Tinta Antifouling 179,2,0.019417475728155338,6.416168782673636,5.819874872690237e-05
38,Sonar Transducer 7290,199,Colete Salva-Vidas 2755,2,0.019417475728155338,6.236276199981853,5.819874872690237e-05
38,Sonar Transducer 7290,102,Bateria Náutica 3506,2,0.019417475728155338,5.802448290417897,5.819874872690237e-05
39,Bateria Náutica 3427,209,Cabo Náutico 7626,6,0.028985507246376812,9.309223892726534,0.00017459624618070712
39,Bateria Náutica 3427,69,Motor de Popa 2195,3,0.014492753623188406,5.929089026915113,8.729812309035356e-05
39,Bateria Náutica 3427,235,GPS Plotter 1842,5,0.024154589371980676,3.9907329988851727,0.00014549687181725592
39,Bateria Náutica 3427,331,Bateria Náutica 5936,5,0.024154589371980676,3.825218727042009,0.00014549687181725592
39,Bateria Náutica 3427,463,Motor de Popa 8671,2,0.00966183574879227,3.8164251207729465,5.819874872690237e-05
40,Tinta Antifouling 4321,60,Vela Mestra 2410,3,0.013636363636363636,4.932775119617224,8.729812309035356e-05
40,Tinta Antifouling 4321,155,Bateria Náutica 5487,3,0.013636363636363636,4.005244755244755,8.729812309035356e-05
40,Tinta Antifouling 4321,56,Sonar Transducer 4571,2,0.00909090909090909,3.6326638477801265,5.819874872690237e-05
40,Tinta Antifouling 4321,347,Bússola de Bordo 9956,2,0.00909090909090909,3.6326638477801265,5.819874872690237e-05
40,Tinta Antifouling 4321,79,Sonar Transducer 5255,2,0.00909090909090909,3.471212121212121,5.819874872690237e-05
41,Âncora Bruce 2416,490,Colete Salva-Vidas 3881,6,0.03,5.078571428571428,0.00017459624618070712
41,Âncora Bruce 2416,459,Vela Mestra 9743,9,0.045,4.89375,0.00026189436927106065
41,Âncora Bruce 2416,355,Cabo Náutico 1755,3,0.015,4.772916666666666,8.729812309035356e-05
41,Âncora Bruce 2416,134,Cabo Náutico 5788,5,0.025,4.64391891891892,0.00014549687181725592
41,Âncora Bruce 2416,463,Motor de Popa 8671,2,0.01,3.95,5.819874872690237e-05
42,Tinta Antifouling 503,45,Tinta Antifouling 3620,2,0.01652892561983471,6.682547399124939,5.819874872690237e-05
42,Tinta Antifouling 503,472,Defensa Náutica 9030,2,0.01652892561983471,6.682547399124939,5.819874872690237e-05
42,Tinta Antifouling 503,427,Âncora Bruce 5445,2,0.01652892561983471,6.107704612103439,5.819874872690237e-05
42,Tinta Antifouling 503,109,Âncora Bruce 8139,2,0.01652892561983471,6.042729031123615,5.819874872690237e-05
42,Tinta Antifouling 503,193,Cabo Náutico 8225,2,0.01652892561983471,5.796087029853264,5.819874872690237e-05
43,Defensa Náutica 9513,210,João da Silva,8,0.026143790849673203,4.607340372046255,0.00023279499490760948
43,Defensa Náutica 9513,11,Hélice de Alumínio 4091,6,0.0196078431372549,3.4204240071663183,0.00017459624618070712
43,Defensa Náutica 9513,252,Defensa Náutica 9558,3,0.00980392156862745,3.2395361990950224,8.729812309035356e-05
43,Defensa Náutica 9513,462,Hélice de Alumínio 1260,3,0.00980392156862745,3.1487080813633863,8.729812309035356e-05
43,Defensa Náutica 9513,113,Hélice de Alumínio 1281,3,0.00980392156862745,2.85518444666002,8.729812309035356e-05
44,Motor de Popa 9645,493,Hélice de Alumínio 5003,7,0.03431372549019608,3.8662005785920925,0.0002036956205441583
44,Motor de Popa 9645,307,Vela Mestra 6857,2,0.00980392156862745,3.7434640522875817,5.819874872690237e-05
44,Motor de Popa 9645,384,Bateria Náutica 684,4,0.0196078431372549,3.5094975490196076,0.00011639749745380474
44,Motor de Popa 9645,325,Âncora Bruce 5388,2,0.00980392156862745,3.5094975490196076,5.819874872690237e-05
44,Motor de Popa 9645,139,Sonar Transducer 7171,2,0.00980392156862745,3.3357600465928945,5.819874872690237e-05
45,Tinta Antifouling 3620,407,Motor de Popa 3225,2,0.023529411764705882,8.60200250312891,5.819874872690237e-05
45,Tinta Antifouling 3620,395,Vela Mestra 9165,2,0.023529411764705882,8.085882352941177,5.819874872690237e-05
45,Tinta Antifouling 3620,42,Tinta Antifouling 503,2,0.023529411764705882,6.68254739912494,5.819874872690237e-05
45,Tinta Antifouling 3620,414,Âncora Bruce 5302,3,0.03529411764705882,5.667674546454095,8.729812309035356e-05
45,Tinta Antifouling 3620,69,Motor de Popa 2195,1,0.011764705882352941,4.813025210084033,2.9099374363451186e-05
46,Defensa Náutica 5036,324,Colete Salva-Vidas 5603,3,0.015228426395939087,5.181434387093532,8.729812309035356e-05
46,Defensa Náutica 5036,358,Motor de Popa 553,3,0.015228426395939087,4.93702710468346,8.729812309035356e-05
46,Defensa Náutica 5036,221,Sonar Transducer 4498,3,0.015228426395939087,4.361040609137056,8.729812309035356e-05
46,Defensa Náutica 5036,443,Vela Mestra 6757,5,0.025380710659898477,4.3178619892446095,0.00014549687181725592
46,Defensa Náutica 5036,69,Motor de Popa 2195,2,0.01015228426395939,4.153372008701957,5.819874872690237e-05
47,Motor de Popa 5561,139,Sonar Transducer 7171,4,0.0196078431372549,6.671520093185789,0.00011639749745380474
47,Motor de Popa 5561,200,Tinta Antifouling 4777,3,0.014705882352941176,5.553490627020039,8.729812309035356e-05
47,Motor de Popa 5561,94,Tinta Antifouling 569,3,0.014705882352941176,5.003640069889342,8.729812309035356e-05
47,Motor de Popa 5561,8,Cabo Náutico 1373,2,0.00980392156862745,3.828542780748663,5.819874872690237e-05
47,Motor de Popa 5561,136,Colete Salva-Vidas 9822,2,0.00980392156862745,3.7855254461335095,5.819874872690237e-05
48,Bússola de Bordo 6684,403,Vela Mestra 807,2,0.020833333333333332,8.32485465116279,5.819874872690237e-05
48,Bússola de Bordo 6684,402,Tinta Antifouling 3241,2,0.020833333333333332,7.867445054945055,5.819874872690237e-05
48,Bússola de Bordo 6684,151,Hélice de Alumínio 7225,2,0.020833333333333332,7.536184210526315,5.819874872690237e-05
48,Bússola de Bordo 6684,398,Âncora Bruce 4713,2,0.020833333333333332,7.231691919191919,5.819874872690237e-05
48,Bússola de Bordo 6684,395,Vela Mestra 9165,2,0.020833333333333332,7.159375,5.819874872690237e-05
49,Bússola de Bordo 5407,113,Hélice de Alumínio 1281,4,0.013201320132013201,3.844604799462997,0.00011639749745380474
49,Bússola de Bordo 5407,302,GPS Plotter 9135,7,0.0231023102310231,3.7448626938165512,0.0002036956205441583
49,Bússola de Bordo 5407,248,Tinta Antifouling 3953,3,0.009900990099009901,3.368787373786884,8.729812309035356e-05
49,Bússola de Bordo 5407,278,Sonar Transducer 5470,3,0.009900990099009901,3.3033740267230605,8.729812309035356e-05
49,Bússola de Bordo 5407,132,Tinta Antifouling 7287,3,0.009900990099009901,3.2098823089856157,8.729812309035356e-05
50,Vela Mestra 1577,314,Tinta Antifouling 2982,4,0.018018018018018018,5.84140744518103,0.00011639749745380474
50,Vela Mestra 1577,390,Defensa Náutica 3955,4,0.018018018018018018,5.786814852235413,0.00011639749745380474
50,Vela Mestra 1577,148,Colete Salva-Vidas 8269,3,0.013513513513513514,4.109662760105238,8.729812309035356e-05
50,Vela Mestra 1577,400,Vela Mestra 4667,3,0.013513513513513514,4.0381903642773205,8.729812309035356e-05
50,Vela Mestra 1577,457,Tinta Antifouling 8834,3,0.013513513513513514,4.003378378378379,8.729812309035356e-05
51,Defensa Náutica 9969,317,Defensa Náutica 3153,2,0.018518518518518517,7.231691919191919,5.819874872690237e-05
51,Defensa Náutica 9969,104,Bússola de Bordo 7303,2,0.018518518518518517,6.3008800880088005,5.819874872690237e-05
51,Defensa Náutica 9969,499,Âncora Bruce 3938,2,0.018518518518518517,6.119123931623931,5.819874872690237e-05
51,Defensa Náutica 9969,226,Hélice de Alumínio 3756,2,0.018518518518518517,5.439221272554605,5.819874872690237e-05
51,Defensa Náutica 9969,98,Bússola de Bordo 2458,3,0.027777777777777776,5.2449633699633695,8.729812309035356e-05
52,Bateria Náutica 8532,472,Defensa Náutica 9030,2,0.016260162601626018,6.573888091822095,5.819874872690237e-05
52,Bateria Náutica 8532,296,Vela Mestra 9794,2,0.016260162601626018,5.881899871630296,5.819874872690237e-05
52,Bateria Náutica 8532,271,Tinta Antifouling 5976,2,0.016260162601626018,5.7606235856173,5.819874872690237e-05
52,Bateria Náutica 8532,365,Sonar Transducer 455,2,0.016260162601626018,5.7606235856173,5.819874872690237e-05
52,Bateria Náutica 8532,287,Âncora Bruce 4980,2,0.016260162601626018,5.701841712294675,5.819874872690237e-05
53,Sonar Transducer 6909,271,Tinta Antifouling 5976,4,0.012698412698412698,4.498772704958272,0.00011639749745380474
53,Sonar Transducer 6909,8,Cabo Náutico 1373,3,0.009523809523809525,3.7191558441558445,8.729812309035356e-05
53,Sonar Transducer 6909,38,Sonar Transducer 7290,3,0.009523809523809525,3.17753120665742,8.729812309035356e-05
53,Sonar Transducer 6909,367,Sonar Transducer 4574,3,0.009523809523809525,3.1170068027210887,8.729812309035356e-05
53,Sonar Transducer 6909,358,Motor de Popa 553,3,0.009523809523809525,3.087601078167116,8.729812309035356e-05
54,Colete Salva-Vidas 6302,433,Colete Salva-Vidas 2045,2,0.018867924528301886,7.285350858596566,5.819874872690237e-05
54,Colete Salva-Vidas 6302,99,Âncora Bruce 2417,2,0.018867924528301886,6.175202156334231,5.819874872690237e-05
54,Colete Salva-Vidas 6302,199,Colete Salva-Vidas 2755,2,0.018867924528301886,6.059777816963498,5.819874872690237e-05
54,Colete Salva-Vidas 6302,457,Tinta Antifouling 8834,2,0.018867924528301886,5.589622641509433,5.819874872690237e-05
54,Colete Salva-Vidas 6302,155,Bateria Náutica 5487,2,0.018867924528301886,5.5418480890179005,5.819874872690237e-05
55,GPS Plotter 6249,317,Defensa Náutica 3153,5,0.01483679525222552,5.793937145940114,0.00014549687181725592
55,GPS Plotter 6249,69,Motor de Popa 2195,3,0.008902077151335312,3.6419033488766424,8.729812309035356e-05
55,GPS Plotter 6249,89,Âncora Bruce 2687,4,0.011869436201780416,3.3710179758197025,0.00011639749745380474
55,GPS Plotter 6249,200,Tinta Antifouling 4777,3,0.008902077151335312,3.3617569374245937,8.729812309035356e-05
55,GPS Plotter 6249,109,Âncora Bruce 8139,3,0.008902077151335312,3.254466822400404,8.729812309035356e-05
56,Sonar Transducer 4571,359,Hélice de Alumínio 8562,2,0.023255813953488372,9.186046511627907,5.819874872690237e-05
56,Sonar Transducer 4571,336,Bateria Náutica 2400,2,0.023255813953488372,8.23903140733637,5.819874872690237e-05
56,Sonar Transducer 4571,262,Hélice de Alumínio 9192,2,0.023255813953488372,7.991860465116279,5.819874872690237e-05
56,Sonar Transducer 4571,207,Tinta Antifouling 179,2,0.023255813953488372,7.68448121645796,5.819874872690237e-05
56,Sonar Transducer 4571,390,Defensa Náutica 3955,2,0.023255813953488372,7.4690284720712885,5.819874872690237e-05
57,Vela Mestra 6445,218,Bússola de Bordo 4059,6,0.02040816326530612,7.084106369820655,0.00017459624618070712
57,Vela Mestra 6445,332,Bateria Náutica 9527,4,0.013605442176870748,4.6755102040816325,0.00011639749745380474
57,Vela Mestra 6445,214,Hélice de Alumínio 8208,6,0.02040816326530612,3.3556293330729416,0.00017459624618070712
57,Vela Mestra 6445,117,Sonar Transducer 869,5,0.017006802721088437,3.028180183990695,0.00014549687181725592
57,Vela Mestra 6445,155,Bateria Náutica 5487,3,0.01020408163265306,2.997121925693354,8.729812309035356e-05
58,Sonar Transducer 3832,454,Vela Mestra 401,3,0.013761467889908258,5.313627461086487,8.729812309035356e-05
58,Sonar Transducer 3832,471,Colete Salva-Vidas 7201,3,0.013761467889908258,4.547238884968243,8.729812309035356e-05
58,Sonar Transducer 3832,99,Âncora Bruce 2417,3,0.013761467889908258,4.503931847968546,8.729812309035356e-05
58,Sonar Transducer 3832,489,Defensa Náutica 9755,3,0.013761467889908258,4.299207673060884,8.729812309035356e-05
58,Sonar Transducer 3832,106,Hélice de Alumínio 2016,4,0.01834862385321101,3.8215179316096752,0.00011639749745380474
59,Bateria Náutica 8789,489,Defensa Náutica 9755,5,0.015527950310559006,4.851072840203275,0.00014549687181725592
59,Bateria Náutica 8789,380,Sonar Transducer 8538,4,0.012422360248447204,3.952726017943409,0.00011639749745380474
59,Bateria Náutica 8789,305,Bateria Náutica 5556,4,0.012422360248447204,3.5574534161490683,0.00011639749745380474
59,Bateria Náutica 8789,189,Cabo Náutico 8341,3,0.009316770186335404,3.518360521466112,8.729812309035356e-05
59,Bateria Náutica 8789,446,Vela Mestra 2993,3,0.009316770186335404,3.518360521466112,8.729812309035356e-05
60,Vela Mestra 2410,228,Defensa Náutica 9651,2,0.021052631578947368,6.890225563909774,5.819874872690237e-05
60,Vela Mestra 2410,358,Motor de Popa 553,2,0.021052631578947368,6.825223435948361,5.819874872690237e-05
60,Vela Mestra 2410,305,Bateria Náutica 5556,2,0.021052631578947368,6.028947368421052,5.819874872690237e-05
60,Vela Mestra 2410,350,Motor de Popa 1007,5,0.05263157894736842,6.0289473684210515,0.00014549687181725592
60,Vela Mestra 2410,239,Colete Salva-Vidas 326,3,0.031578947368421054,5.426052631578948,8.729812309035356e-05
61,Tinta Antifouling 693,339,Sonar Transducer 6256,2,0.020618556701030927,7.618889258397073,5.819874872690237e-05
61,Tinta Antifouling 693,209,Cabo Náutico 7626,2,0.020618556701030927,6.622025243279699,5.819874872690237e-05
61,Tinta Antifouling 693,157,Bússola de Bordo 1248,2,0.020618556701030927,6.441424554826617,5.819874872690237e-05
61,Tinta Antifouling 693,268,Motor de Popa 9800,6,0.061855670103092786,6.32639911634757,0.00017459624618070712
61,Tinta Antifouling 693,124,Âncora Bruce 9985,3,0.030927835051546393,5.013372884652791,8.729812309035356e-05
62,Defensa Náutica 3549,472,Defensa Náutica 9030,3,0.010948905109489052,4.4265779304422495,8.729812309035356e-05
62,Defensa Náutica 3549,454,Vela Mestra 401,3,0.010948905109489052,4.227630607725745,8.729812309035356e-05
62,Defensa Náutica 3549,207,Tinta Antifouling 179,3,0.010948905109489052,3.617876193149916,8.729812309035356e-05
62,Defensa Náutica 3549,393,Hélice de Alumínio 2428,3,0.010948905109489052,3.516440412033563,8.729812309035356e-05
62,Defensa Náutica 3549,50,Vela Mestra 1577,6,0.021897810218978103,3.3897218386269485,0.00017459624618070712
63,Colete Salva-Vidas 4753,309,Motor de Popa 4415,3,0.010169491525423728,4.016949152542373,8.729812309035356e-05
63,Colete Salva-Vidas 4753,427,Âncora Bruce 5445,3,0.010169491525423728,3.757791142700929,8.729812309035356e-05
63,Colete Salva-Vidas 4753,395,Vela Mestra 9165,3,0.010169491525423728,3.4947457627118643,8.729812309035356e-05
63,Colete Salva-Vidas 4753,105,Defensa Náutica 1200,3,0.010169491525423728,3.3283292978208228,8.729812309035356e-05
63,Colete Salva-Vidas 4753,461,Colete Salva-Vidas 3259,3,0.010169491525423728,3.2969299648225134,8.729812309035356e-05
64,Tinta Antifouling 9693,85,Hélice de Alumínio 6549,3,0.014705882352941176,5.615196078431373,8.729812309035356e-05
64,Tinta Antifouling 9693,477,Motor de Popa 8461,6,0.029411764705882353,5.053676470588235,0.00017459624618070712
64,Tinta Antifouling 9693,278,Sonar Transducer 5470,3,0.014705882352941176,4.90648201027984,8.729812309035356e-05
64,Tinta Antifouling 9693,405,Bateria Náutica 9124,5,0.024509803921568627,4.169700058241118,0.00014549687181725592
64,Tinta Antifouling 9693,8,Cabo Náutico 1373,2,0.00980392156862745,3.828542780748663,5.819874872690237e-05
65,Colete Salva-Vidas 1933,56,Sonar Transducer 4571,3,0.01675977653631285,6.697089775237105,8.729812309035356e-05
65,Colete Salva-Vidas 1933,48,Bússola de Bordo 6684,3,0.01675977653631285,5.99947625698324,8.729812309035356e-05
65,Colete Salva-Vidas 1933,403,Vela Mestra 807,2,0.0111731843575419,4.4647265168247365,5.819874872690237e-05
65,Colete Salva-Vidas 1933,317,Defensa Náutica 3153,2,0.0111731843575419,4.363255459624175,5.819874872690237e-05
65,Colete Salva-Vidas 1933,330,Bússola de Bordo 4659,2,0.0111731843575419,4.363255459624175,5.819874872690237e-05
66,TBD,25,Bússola de Bordo 799,4,0.019417475728155338,5.905146490248303,0.00011639749745380474
66,TBD,307,Vela Mestra 6857,2,0.009708737864077669,3.7071197411003234,5.819874872690237e-05
66,TBD,402,Tinta Antifouling 3241,2,0.009708737864077669,3.6663821615277925,5.819874872690237e-05
66,TBD,261,Âncora Bruce 7226,5,0.024271844660194174,3.4754247572815533,0.00014549687181725592
66,TBD,385,GPS Plotter 5137,2,0.009708737864077669,3.3701088555457486,5.819874872690237e-05
67,Sonar Transducer 3474,463,Motor de Popa 8671,3,0.00967741935483871,3.8225806451612905,8.729812309035356e-05
67,Sonar Transducer 3474,460,GPS Plotter 2098,7,0.02258064516129032,3.803842504743833,0.0002036956205441583
67,Sonar Transducer 3474,437,Hélice de Alumínio 728,4,0.012903225806451613,3.695161290322581,0.00011639749745380474
67,Sonar Transducer 3474,26,Bússola de Bordo 3795,6,0.01935483870967742,3.537920384351407,0.00017459624618070712
67,Sonar Transducer 3474,271,Tinta Antifouling 5976,3,0.00967741935483871,3.4285001662786834,8.729812309035356e-05
68,Âncora Bruce 2455,246,Motor de Popa 1365,4,0.013201320132013201,5.040704070407041,0.00011639749745380474
68,Âncora Bruce 2455,499,Âncora Bruce 3938,4,0.013201320132013201,4.3621477532368615,0.00011639749745380474
68,Âncora Bruce 2455,54,Colete Salva-Vidas 6302,4,0.013201320132013201,4.279843078647487,0.00011639749745380474
68,Âncora Bruce 2455,380,Sonar Transducer 8538,4,0.013201320132013201,4.200586725339201,0.00011639749745380474
68,Âncora Bruce 2455,433,Colete Salva-Vidas 2045,3,0.009900990099009901,3.8230058960952276,8.729812309035356e-05
69,Motor de Popa 2195,246,Motor de Popa 1365,3,0.03571428571428571,13.636904761904761,8.729812309035356e-05
69,Motor de Popa 2195,319,Defensa Náutica 8553,2,0.023809523809523808,8.264790764790764,5.819874872690237e-05
69,Motor de Popa 2195,149,Bateria Náutica 948,3,0.03571428571428571,6.136607142857143,8.729812309035356e-05
69,Motor de Popa 2195,369,Hélice de Alumínio 393,3,0.03571428571428571,6.106076759061834,8.729812309035356e-05
69,Motor de Popa 2195,39,Bateria Náutica 3427,3,0.03571428571428571,5.929089026915113,8.729812309035356e-05
70,Motor de Popa 1845,427,Âncora Bruce 5445,4,0.012903225806451613,4.767950052029136,0.00011639749745380474
70,Motor de Popa 1845,94,Tinta Antifouling 569,4,0.012903225806451613,4.390290641967423,0.00011639749745380474
70,Motor de Popa 1845,278,Sonar Transducer 5470,3,0.00967741935483871,3.228781709990604,8.729812309035356e-05
70,Motor de Popa 1845,126,Hélice de Alumínio 9713,6,0.01935483870967742,3.1374010955569083,0.00017459624618070712
70,Motor de Popa 1845,132,Tinta Antifouling 7287,3,0.00967741935483871,3.1374010955569083,8.729812309035356e-05
71,Hélice de Alumínio 4633,109,Âncora Bruce 8139,4,0.013201320132013201,4.826206024857805,0.00011639749745380474
71,Hélice de Alumínio 4633,403,Vela Mestra 807,3,0.009900990099009901,3.956366566889247,8.729812309035356e-05
71,Hélice de Alumínio 4633,307,Vela Mestra 6857,3,0.009900990099009901,3.7805280528052805,8.729812309035356e-05
71,Hélice de Alumínio 4633,169,Hélice de Alumínio 1674,3,0.009900990099009901,3.5442450495049505,8.729812309035356e-05
71,Hélice de Alumínio 4633,324,Colete Salva-Vidas 5603,3,0.009900990099009901,3.368787373786884,8.729812309035356e-05
72,Motor de Popa 9771,263,Tinta Antifouling 3557,3,0.02727272727272727,9.188502673796792,8.729812309035356e-05
72,Motor de Popa 9771,230,Bússola de Bordo 4361,3,0.02727272727272727,9.011800699300698,8.729812309035356e-05
72,Motor de Popa 9771,296,Vela Mestra 9794,2,0.01818181818181818,6.577033492822966,5.819874872690237e-05
72,Motor de Popa 9771,354,Bússola de Bordo 1372,2,0.01818181818181818,6.441424554826616,5.819874872690237e-05
72,Motor de Popa 9771,94,Tinta Antifouling 569,2,0.01818181818181818,6.186318631863187,5.819874872690237e-05
73,Hélice de Alumínio 3700,305,Bateria Náutica 5556,5,0.015527950310559006,4.446816770186335,0.00014549687181725592
73,Hélice de Alumínio 3700,30,Colete Salva-Vidas 8612,3,0.009316770186335404,3.8115572315882873,8.729812309035356e-05
73,Hélice de Alumínio 3700,205,Cabo Náutico 6267,7,0.021739130434782608,3.591659698996655,0.0002036956205441583
73,Hélice de Alumínio 3700,246,Motor de Popa 1365,3,0.009316770186335404,3.5574534161490687,8.729812309035356e-05
73,Hélice de Alumínio 3700,307,Vela Mestra 6857,3,0.009316770186335404,3.5574534161490687,8.729812309035356e-05
74,Bússola de Bordo 702,429,GPS Plotter 3591,3,0.012552301255230125,4.270889432039438,8.729812309035356e-05
74,Bússola de Bordo 702,397,GPS Plotter 3411,3,0.012552301255230125,4.147690698422916,8.729812309035356e-05
74,Bússola de Bordo 702,400,Vela Mestra 4667,3,0.012552301255230125,3.7509550663998543,8.729812309035356e-05
74,Bússola de Bordo 702,64,Tinta Antifouling 9693,5,0.02092050209205021,3.5241816391828698,0.00014549687181725592
74,Bússola de Bordo 702,467,Colete Salva-Vidas 2345,2,0.008368200836820083,3.423490735206216,5.819874872690237e-05
75,Vela Mestra 1913,270,Defensa Náutica 8531,5,0.01644736842105263,6.422884270334928,0.00014549687181725592
75,Vela Mestra 1913,69,Motor de Popa 2195,4,0.013157894736842105,5.3829887218045105,0.00011639749745380474
75,Vela Mestra 1913,325,Âncora Bruce 5388,3,0.009868421052631578,3.53258634868421,8.729812309035356e-05
75,Vela Mestra 1913,163,Defensa Náutica 1277,3,0.009868421052631578,3.4255382775119614,8.729812309035356e-05
75,Vela Mestra 1913,332,Bateria Náutica 9527,3,0.009868421052631578,3.391282894736842,8.729812309035356e-05
76,Sonar Transducer 9995,136,Colete Salva-Vidas 9822,6,0.019543973941368076,7.546389488709146,0.00017459624618070712
76,Sonar Transducer 9995,142,Cabo Náutico 3932,6,0.019543973941368076,7.069775415738041,0.00017459624618070712
76,Sonar Transducer 9995,169,Hélice de Alumínio 1674,4,0.013029315960912053,4.664087947882736,0.00011639749745380474
76,Sonar Transducer 9995,151,Hélice de Alumínio 7225,3,0.009771986970684038,3.5348877078690206,8.729812309035356e-05
76,Sonar Transducer 9995,129,Defensa Náutica 4517,6,0.019543973941368076,3.4980659609120517,0.00017459624618070712
77,Bateria Náutica 1945,396,Bússola de Bordo 8014,4,0.011363636363636364,4.154376208897485,0.00011639749745380474
77,Bateria Náutica 1945,193,Cabo Náutico 8225,4,0.011363636363636364,3.984809833024119,0.00011639749745380474
77,Bateria Náutica 1945,332,Bateria Náutica 9527,4,0.011363636363636364,3.9051136363636365,0.00011639749745380474
77,Bateria Náutica 1945,228,Defensa Náutica 9651,4,0.011363636363636364,3.719155844155844,0.00011639749745380474
77,Bateria Náutica 1945,119,Motor de Popa 2911,4,0.011363636363636364,3.5501033057851243,0.00011639749745380474
78,Colete Salva-Vidas 8571,136,Colete Salva-Vidas 9822,4,0.013745704467353952,5.307540831692343,0.00011639749745380474
78,Colete Salva-Vidas 8571,89,Âncora Bruce 2687,4,0.013745704467353952,3.903893669591889,0.00011639749745380474
78,Colete Salva-Vidas 8571,402,Tinta Antifouling 3241,3,0.010309278350515464,3.89316868698312,8.729812309035356e-05
78,Colete Salva-Vidas 8571,354,Bússola de Bordo 1372,3,0.010309278350515464,3.652354129025401,8.729812309035356e-05
78,Colete Salva-Vidas 8571,149,Bateria Náutica 948,6,0.020618556701030927,3.542783505154639,0.00017459624618070712
79,Sonar Transducer 5255,220,Tinta Antifouling 5225,4,0.044444444444444446,8.532588454376164,0.00011639749745380474
79,Sonar Transducer 5255,211,Cabo Náutico 9796,2,0.022222222222222223,8.485185185185186,5.819874872690237e-05
79,Sonar Transducer 5255,446,Vela Mestra 2993,2,0.022222222222222223,8.391941391941392,5.819874872690237e-05
79,Sonar Transducer 5255,172,Defensa Náutica 2684,2,0.022222222222222223,8.21146953405018,5.819874872690237e-05
79,Sonar Transducer 5255,492,Bateria Náutica 4361,3,0.03333333333333333,5.560679611650485,8.729812309035356e-05
80,Hélice de Alumínio 6964,395,Vela Mestra 9165,4,0.013377926421404682,4.597324414715719,0.00011639749745380474
80,Hélice de Alumínio 6964,105,Defensa Náutica 1200,4,0.013377926421404682,4.378404204491161,0.00011639749745380474
80,Hélice de Alumínio 6964,215,Âncora Bruce 3775,4,0.013377926421404682,4.296564873566092,0.00011639749745380474
80,Hélice de Alumínio 6964,347,Bússola de Bordo 9956,3,0.010033444816053512,4.009294547717197,8.729812309035356e-05
80,Hélice de Alumínio 6964,289,Motor de Popa 8515,10,0.033444816053511704,3.660290139104872,0.00029099374363451185
81,Motor de Popa 7678,347,Bússola de Bordo 9956,3,0.009900990099009901,3.956366566889247,8.729812309035356e-05
81,Motor de Popa 7678,478,Tinta Antifouling 3290,3,0.009900990099009901,3.5815528921313184,8.729812309035356e-05
81,Motor de Popa 7678,319,Defensa Náutica 8553,3,0.009900990099009901,3.436843684368437,8.729812309035356e-05
81,Motor de Popa 7678,94,Tinta Antifouling 569,3,0.009900990099009901,3.368787373786884,8.729812309035356e-05
81,Motor de Popa 7678,207,Tinta Antifouling 179,3,0.009900990099009901,3.2716108149276466,8.729812309035356e-05
82,Bússola de Bordo 3993,421,Hélice de Alumínio 314,5,0.024390243902439025,4.190853658536586,0.00014549687181725592
82,Bússola de Bordo 3993,138,Cabo Náutico 3217,5,0.024390243902439025,4.170003640334911,0.00014549687181725592
82,Bússola de Bordo 3993,446,Vela Mestra 2993,2,0.00975609756097561,3.6842669525596357,5.819874872690237e-05
82,Bússola de Bordo 3993,427,Âncora Bruce 5445,2,0.00975609756097561,3.605035405192761,5.819874872690237e-05
82,Bússola de Bordo 3993,193,Cabo Náutico 8225,2,0.00975609756097561,3.421105027376804,5.819874872690237e-05
83,Bússola de Bordo 7257,336,Bateria Náutica 2400,4,0.01932367149758454,6.8459584640669355,0.00011639749745380474
83,Bússola de Bordo 7257,30,Colete Salva-Vidas 8612,3,0.014492753623188406,5.929089026915113,8.729812309035356e-05
83,Bússola de Bordo 7257,52,Bateria Náutica 8532,4,0.01932367149758454,5.398845292800754,0.00011639749745380474
83,Bússola de Bordo 7257,429,GPS Plotter 3591,3,0.014492753623188406,4.9311235471373225,8.729812309035356e-05
83,Bússola de Bordo 7257,207,Tinta Antifouling 179,3,0.014492753623188406,4.7888795986622075,8.729812309035356e-05
84,Defensa Náutica 656,117,Sonar Transducer 869,5,0.023809523809523808,4.239452257586972,0.00014549687181725592
84,Defensa Náutica 656,101,Defensa Náutica 3482,5,0.023809523809523808,3.7023270846800256,0.00014549687181725592
84,Defensa Náutica 656,424,Colete Salva-Vidas 8874,4,0.01904761904761905,3.6773675762439813,0.00011639749745380474
84,Defensa Náutica 656,142,Cabo Náutico 3932,2,0.009523809523809525,3.4451127819548875,5.819874872690237e-05
84,Defensa Náutica 656,441,Colete Salva-Vidas 4674,6,0.02857142857142857,3.3170849420849415,0.00017459624618070712
85,Hélice de Alumínio 6549,395,Vela Mestra 9165,2,0.022222222222222223,7.636666666666668,5.819874872690237e-05
85,Hélice de Alumínio 6549,15,Bússola de Bordo 6287,2,0.022222222222222223,7.561056105610562,5.819874872690237e-05
85,Hélice de Alumínio 6549,25,Bússola de Bordo 799,2,0.022222222222222223,6.75811209439528,5.819874872690237e-05
85,Hélice de Alumínio 6549,113,Hélice de Alumínio 1281,2,0.022222222222222223,6.471751412429379,5.819874872690237e-05
85,Hélice de Alumínio 6549,266,Bússola de Bordo 9356,3,0.03333333333333333,5.874358974358974,8.729812309035356e-05
86,GPS Plotter 4446,354,Bússola de Bordo 1372,4,0.012987012987012988,4.6010175391618695,0.00011639749745380474
86,GPS Plotter 4446,363,Motor de Popa 1279,7,0.022727272727272728,3.924737322978529,0.0002036956205441583
86,GPS Plotter 4446,400,Vela Mestra 4667,4,0.012987012987012988,3.88085827216262,0.00011639749745380474
86,GPS Plotter 4446,186,Motor de Popa 4710,3,0.00974025974025974,3.8474025974025974,8.729812309035356e-05
86,GPS Plotter 4446,402,Tinta Antifouling 3241,3,0.00974025974025974,3.6782859997145714,8.729812309035356e-05
87,Vela Mestra 9995,330,Bússola de Bordo 4659,3,0.013636363636363636,5.325154958677686,8.729812309035356e-05
87,Vela Mestra 9995,79,Sonar Transducer 5255,3,0.013636363636363636,5.206818181818182,8.729812309035356e-05
87,Vela Mestra 9995,109,Âncora Bruce 8139,3,0.013636363636363636,4.985251450676982,8.729812309035356e-05
87,Vela Mestra 9995,281,Vela Mestra 8105,3,0.013636363636363636,4.881392045454545,8.729812309035356e-05
87,Vela Mestra 9995,397,GPS Plotter 3411,3,0.013636363636363636,4.505900349650349,8.729812309035356e-05
88,Tinta Antifouling 6853,449,Bússola de Bordo 8282,4,0.014652014652014652,4.936436112906701,0.00011639749745380474
88,Tinta Antifouling 6853,102,Bateria Náutica 3506,4,0.014652014652014652,4.378404204491161,0.00011639749745380474
88,Tinta Antifouling 6853,189,Cabo Náutico 8341,3,0.01098901098901099,4.149861127883106,8.729812309035356e-05
88,Tinta Antifouling 6853,495,Sonar Transducer 4154,3,0.01098901098901099,3.6663821615277925,8.729812309035356e-05
88,Tinta Antifouling 6853,45,Tinta Antifouling 3620,2,0.007326007326007326,2.9618616677440204,5.819874872690237e-05
89,Âncora Bruce 2687,18,Âncora Bruce 7120,3,0.024793388429752067,8.694130544779895,8.729812309035356e-05
89,Âncora Bruce 2687,429,GPS Plotter 3591,2,0.01652892561983471,5.623926028966533,5.819874872690237e-05
89,Âncora Bruce 2687,10,Colete Salva-Vidas 6199,2,0.01652892561983471,5.5147235818021345,5.819874872690237e-05
89,Âncora Bruce 2687,343,Bússola de Bordo 2338,2,0.01652892561983471,5.308565690893643,5.819874872690237e-05
89,Âncora Bruce 2687,372,Vela Mestra 500,2,0.01652892561983471,5.117266026356936,5.819874872690237e-05
90,Âncora Bruce 9445,335,Vela Mestra 8049,7,0.033816425120772944,4.021112281229628,0.0002036956205441583
90,Âncora Bruce 9445,467,Colete Salva-Vidas 2345,2,0.00966183574879227,3.9527260179434087,5.819874872690237e-05
90,Âncora Bruce 9445,136,Colete Salva-Vidas 9822,2,0.00966183574879227,3.730662758508386,5.819874872690237e-05
90,Âncora Bruce 9445,211,Cabo Náutico 9796,2,0.00966183574879227,3.6892109500805152,5.819874872690237e-05
90,Âncora Bruce 9445,485,GPS Plotter 5365,4,0.01932367149758454,3.5702041452392077,0.00011639749745380474
91,Hélice de Alumínio 8603,499,Âncora Bruce 3938,4,0.01702127659574468,5.624386252045826,0.00011639749745380474
91,Hélice de Alumínio 8603,487,Bússola de Bordo 5643,4,0.01702127659574468,5.317601547388782,0.00011639749745380474
91,Hélice de Alumínio 8603,478,Tinta Antifouling 3290,3,0.01276595744680851,4.617917133258678,8.729812309035356e-05
91,Hélice de Alumínio 8603,336,Bateria Náutica 2400,3,0.01276595744680851,4.522702347005922,8.729812309035356e-05
91,Hélice de Alumínio 8603,354,Bússola de Bordo 1372,3,0.01276595744680851,4.522702347005922,8.729812309035356e-05
92,Sonar Transducer 1236,79,Sonar Transducer 5255,4,0.012738853503184714,4.86411889596603,0.00011639749745380474
92,Sonar Transducer 1236,461,Colete Salva-Vidas 3259,4,0.012738853503184714,4.129912270159837,0.00011639749745380474
92,Sonar Transducer 1236,215,Âncora Bruce 3775,4,0.012738853503184714,4.091314959223763,0.00011639749745380474
92,Sonar Transducer 1236,186,Motor de Popa 4710,3,0.009554140127388535,3.773885350318471,8.729812309035356e-05
92,Sonar Transducer 1236,136,Colete Salva-Vidas 9822,3,0.009554140127388535,3.689078937951764,8.729812309035356e-05
93,Bússola de Bordo 2692,189,Cabo Náutico 8341,3,0.015151515151515152,5.721778221778222,8.729812309035356e-05
93,Bússola de Bordo 2692,122,Vela Mestra 7742,3,0.015151515151515152,5.3678537956888475,8.729812309035356e-05
93,Bússola de Bordo 2692,324,Colete Salva-Vidas 5603,3,0.015151515151515152,5.155265526552656,8.729812309035356e-05
93,Bússola de Bordo 2692,112,Âncora Bruce 7692,3,0.015151515151515152,4.9120926243567755,8.729812309035356e-05
93,Bússola de Bordo 2692,166,GPS Plotter 7150,3,0.015151515151515152,4.821127946127946,8.729812309035356e-05
94,Tinta Antifouling 569,270,Defensa Náutica 8531,2,0.019801980198019802,7.732898289828983,5.819874872690237e-05
94,Tinta Antifouling 569,296,Vela Mestra 9794,2,0.019801980198019802,7.163105784262637,5.819874872690237e-05
94,Tinta Antifouling 569,287,Âncora Bruce 4980,2,0.019801980198019802,6.943827035764801,5.819874872690237e-05
94,Tinta Antifouling 569,319,Defensa Náutica 8553,2,0.019801980198019802,6.873687368736874,5.819874872690237e-05
94,Tinta Antifouling 569,398,Âncora Bruce 4713,2,0.019801980198019802,6.873687368736874,5.819874872690237e-05
95,Vela Mestra 6861,402,Tinta Antifouling 3241,3,0.015706806282722512,5.931476900063288,8.729812309035356e-05
95,Vela Mestra 6861,446,Vela Mestra 2993,2,0.010471204188481676,3.9543179333755254,5.819874872690237e-05
95,Vela Mestra 6861,169,Hélice de Alumínio 1674,2,0.010471204188481676,3.74836387434555,5.819874872690237e-05
95,Vela Mestra 6861,271,Tinta Antifouling 5976,2,0.010471204188481676,3.7097209478059052,5.819874872690237e-05
95,Vela Mestra 6861,139,Sonar Transducer 7171,2,0.010471204188481676,3.562801306308642,5.819874872690237e-05
96,GPS Plotter 5928,248,Tinta Antifouling 3953,4,0.014084507042253521,4.7922186584855675,0.00011639749745380474
96,GPS Plotter 5928,72,Motor de Popa 9771,4,0.014084507042253521,4.400128040973112,0.00011639749745380474
96,GPS Plotter 5928,60,Vela Mestra 2410,3,0.01056338028169014,3.8211638250555966,8.729812309035356e-05
96,GPS Plotter 5928,271,Tinta Antifouling 5976,3,0.01056338028169014,3.7423769420647597,8.729812309035356e-05
96,GPS Plotter 5928,215,Âncora Bruce 3775,3,0.01056338028169014,3.392622087666184,8.729812309035356e-05
97,Motor de Popa 5396,228,Defensa Náutica 9651,4,0.020942408376963352,6.854151084517577,0.00011639749745380474
97,Motor de Popa 5396,56,Sonar Transducer 4571,3,0.015706806282722512,6.276330208206502,8.729812309035356e-05
97,Motor de Popa 5396,367,Sonar Transducer 4574,3,0.015706806282722512,5.140613313388182,8.729812309035356e-05
97,Motor de Popa 5396,419,Defensa Náutica 9143,3,0.015706806282722512,4.951966953263845,8.729812309035356e-05
97,Motor de Popa 5396,138,Cabo Náutico 3217,5,0.02617801047120419,4.475658357427522,0.00014549687181725592
98,Bússola de Bordo 2458,355,Cabo Náutico 1755,3,0.016483516483516484,5.24496336996337,8.729812309035356e-05
98,Bússola de Bordo 2458,51,Defensa Náutica 9969,3,0.016483516483516484,5.24496336996337,8.729812309035356e-05
98,Bússola de Bordo 2458,186,Motor de Popa 4710,2,0.01098901098901099,4.340659340659341,5.819874872690237e-05
98,Bússola de Bordo 2458,281,Vela Mestra 8105,2,0.01098901098901099,3.933722527472528,5.819874872690237e-05
98,Bússola de Bordo 2458,105,Defensa Náutica 1200,2,0.01098901098901099,3.5965463108320255,5.819874872690237e-05
99,Âncora Bruce 2417,186,Motor de Popa 4710,2,0.01904761904761905,7.523809523809525,5.819874872690237e-05
99,Âncora Bruce 2417,452,Tinta Antifouling 4641,2,0.01904761904761905,6.545714285714286,5.819874872690237e-05
99,Âncora Bruce 2417,54,Colete Salva-Vidas 6302,2,0.01904761904761905,6.175202156334232,5.819874872690237e-05
99,Âncora Bruce 2417,209,Cabo Náutico 7626,2,0.01904761904761905,6.117489986648866,5.819874872690237e-05
99,Âncora Bruce 2417,419,Defensa Náutica 9143,2,0.01904761904761905,6.005242463958061,5.819874872690237e-05
100,Defensa Náutica 2321,136,Colete Salva-Vidas 9822,3,0.013953488372093023,5.387771100078391,8.729812309035356e-05
100,Defensa Náutica 2321,132,Tinta Antifouling 7287,3,0.013953488372093023,4.523694602896007,8.729812309035356e-05
100,Defensa Náutica 2321,314,Tinta Antifouling 2982,3,0.013953488372093023,4.523694602896007,8.729812309035356e-05
100,Defensa Náutica 2321,489,Defensa Náutica 9755,3,0.013953488372093023,4.359196617336153,8.729812309035356e-05
100,Defensa Náutica 2321,315,Defensa Náutica 2949,5,0.023255813953488372,3.8608021570610043,0.00014549687181725592
101,Defensa Náutica 3482,407,Motor de Popa 3225,3,0.013574660633484163,4.962693751805141,8.729812309035356e-05
101,Defensa Náutica 3482,314,Tinta Antifouling 2982,3,0.013574660633484163,4.400879364808333,8.729812309035356e-05
101,Defensa Náutica 3482,157,Bússola de Bordo 1248,3,0.013574660633484163,4.240847387906212,8.729812309035356e-05
101,Defensa Náutica 3482,360,Bateria Náutica 2558,3,0.013574660633484163,3.823714857948224,8.729812309035356e-05
101,Defensa Náutica 3482,121,GPS Plotter 1152,4,0.01809954751131222,3.7926277452819783,0.00011639749745380474
102,Bateria Náutica 3506,38,Sonar Transducer 7290,2,0.017391304347826087,5.802448290417898,5.819874872690237e-05
102,Bateria Náutica 3506,397,GPS Plotter 3411,2,0.017391304347826087,5.746655518394649,5.819874872690237e-05
102,Bateria Náutica 3506,418,Tinta Antifouling 6959,2,0.017391304347826087,5.6919254658385094,5.819874872690237e-05
102,Bateria Náutica 3506,25,Bússola de Bordo 799,2,0.017391304347826087,5.288957291265871,5.819874872690237e-05
102,Bateria Náutica 3506,364,Vela Mestra 4634,3,0.02608695652173913,4.7432712215320905,8.729812309035356e-05
103,GPS Plotter 3183,393,Hélice de Alumínio 2428,4,0.0149812734082397,4.811508978263152,0.00011639749745380474
103,GPS Plotter 3183,79,Sonar Transducer 5255,3,0.011235955056179775,4.290262172284645,8.729812309035356e-05
103,GPS Plotter 3183,349,Bateria Náutica 5090,3,0.011235955056179775,3.9002383384405857,8.729812309035356e-05
103,GPS Plotter 3183,371,Motor de Popa 4088,3,0.011235955056179775,3.6773675762439804,8.729812309035356e-05
103,GPS Plotter 3183,290,Defensa Náutica 6113,5,0.018726591760299626,3.5359303617730586,0.00014549687181725592
104,Bússola de Bordo 7303,193,Cabo Náutico 8225,2,0.019801980198019802,6.943827035764801,5.819874872690237e-05
104,Bússola de Bordo 7303,287,Âncora Bruce 4980,2,0.019801980198019802,6.943827035764801,5.819874872690237e-05
104,Bússola de Bordo 7303,434,Defensa Náutica 5998,2,0.019801980198019802,6.480905233380481,5.819874872690237e-05
104,Bússola de Bordo 7303,51,Defensa Náutica 9969,2,0.019801980198019802,6.300880088008801,5.819874872690237e-05
104,Bússola de Bordo 7303,205,Cabo Náutico 6267,3,0.0297029702970297,4.907416222391469,8.729812309035356e-05
105,Defensa Náutica 1200,184,Tinta Antifouling 8753,3,0.02857142857142857,9.091269841269842,8.729812309035356e-05
105,Defensa Náutica 1200,359,Hélice de Alumínio 8562,2,0.01904761904761905,7.523809523809525,5.819874872690237e-05
105,Defensa Náutica 1200,94,Tinta Antifouling 569,2,0.01904761904761905,6.480905233380482,5.819874872690237e-05
105,Defensa Náutica 1200,225,Âncora Bruce 7480,2,0.01904761904761905,6.35506241331484,5.819874872690237e-05
105,Defensa Náutica 1200,194,Hélice de Alumínio 7846,3,0.02857142857142857,5.19501133786848,8.729812309035356e-05
106,Hélice de Alumínio 2016,336,Bateria Náutica 2400,3,0.01818181818181818,6.441424554826616,8.729812309035356e-05
106,Hélice de Alumínio 2016,112,Âncora Bruce 7692,3,0.01818181818181818,5.89451114922813,8.729812309035356e-05
106,Hélice de Alumínio 2016,380,Sonar Transducer 8538,3,0.01818181818181818,5.7853535353535355,8.729812309035356e-05
106,Hélice de Alumínio 2016,472,Defensa Náutica 9030,2,0.012121212121212121,4.900534759358289,5.819874872690237e-05
106,Hélice de Alumínio 2016,85,Hélice de Alumínio 6549,2,0.012121212121212121,4.6282828282828286,5.819874872690237e-05
107,Tinta Antifouling 5097,263,Tinta Antifouling 3557,3,0.02702702702702703,9.105723370429255,8.729812309035356e-05
107,Tinta Antifouling 5097,454,Vela Mestra 401,2,0.018018018018018018,6.957181901002126,5.819874872690237e-05
107,Tinta Antifouling 5097,235,GPS Plotter 1842,4,0.036036036036036036,5.953742203742204,0.00011639749745380474
107,Tinta Antifouling 5097,230,Bússola de Bordo 4361,2,0.018018018018018018,5.953742203742204,5.819874872690237e-05
107,Tinta Antifouling 5097,397,GPS Plotter 3411,2,0.018018018018018018,5.953742203742204,5.819874872690237e-05
108,Âncora Bruce 326,218,Bússola de Bordo 4059,4,0.013559322033898305,4.706728299948639,0.00011639749745380474
108,Âncora Bruce 326,458,Sonar Transducer 9222,4,0.013559322033898305,4.314500941619586,0.00011639749745380474
108,Âncora Bruce 326,360,Bateria Náutica 2558,4,0.013559322033898305,3.81939427618783,0.00011639749745380474
108,Âncora Bruce 326,104,Bússola de Bordo 7303,3,0.010169491525423728,3.460144319516697,8.729812309035356e-05
108,Âncora Bruce 326,116,Colete Salva-Vidas 280,6,0.020338983050847456,3.426221335992024,0.00017459624618070712
109,Âncora Bruce 8139,472,Defensa Náutica 9030,2,0.02127659574468085,8.60200250312891,5.819874872690237e-05
109,Âncora Bruce 8139,433,Colete Salva-Vidas 2045,2,0.02127659574468085,8.2153956490557,5.819874872690237e-05
109,Âncora Bruce 8139,169,Hélice de Alumínio 1674,2,0.02127659574468085,7.616356382978723,5.819874872690237e-05
109,Âncora Bruce 8139,42,Tinta Antifouling 503,2,0.02127659574468085,6.042729031123615,5.819874872690237e-05
109,Âncora Bruce 8139,12,Cabo Náutico 8028,2,0.02127659574468085,5.667986145472538,5.819874872690237e-05
110,Hélice de Alumínio 1155,300,GPS Plotter 7543,5,0.015105740181268883,4.436827019908591,0.00014549687181725592
110,Hélice de Alumínio 1155,262,Hélice de Alumínio 9192,4,0.012084592145015106,4.152870090634441,0.00011639749745380474
110,Hélice de Alumínio 1155,491,Bússola de Bordo 4004,4,0.012084592145015106,4.111752564984595,0.00011639749745380474
110,Hélice de Alumínio 1155,105,Defensa Náutica 1200,4,0.012084592145015106,3.955114372032801,0.00011639749745380474
110,Hélice de Alumínio 1155,461,Colete Salva-Vidas 3259,4,0.012084592145015106,3.9178019722966426,0.00011639749745380474
111,Sonar Transducer 5950,404,Bússola de Bordo 679,4,0.012658227848101266,4.1826923076923075,0.00011639749745380474
111,Sonar Transducer 5950,362,Âncora Bruce 3524,8,0.02531645569620253,4.10377358490566,0.00023279499490760948
111,Sonar Transducer 5950,471,Colete Salva-Vidas 7201,3,0.00949367088607595,3.137019230769231,8.729812309035356e-05
111,Sonar Transducer 5950,162,Bateria Náutica 2654,3,0.00949367088607595,2.9391891891891895,8.729812309035356e-05
111,Sonar Transducer 5950,74,Bússola de Bordo 702,6,0.0189873417721519,2.7301255230125525,0.00017459624618070712
112,Âncora Bruce 7692,483,Defensa Náutica 9695,4,0.03773584905660377,6.616288024643819,0.00011639749745380474
112,Âncora Bruce 7692,236,Bateria Náutica 9272,2,0.018867924528301886,6.356825749167592,5.819874872690237e-05
112,Âncora Bruce 7692,230,Bússola de Bordo 4361,2,0.018867924528301886,6.234579100145138,5.819874872690237e-05
112,Âncora Bruce 7692,106,Hélice de Alumínio 2016,3,0.02830188679245283,5.894511149228131,8.729812309035356e-05
112,Âncora Bruce 7692,415,Bateria Náutica 6140,2,0.018867924528301886,5.687686196623634,5.819874872690237e-05
113,Hélice de Alumínio 1281,241,Defensa Náutica 5179,3,0.025423728813559324,7.404122378626832,8.729812309035356e-05
113,Hélice de Alumínio 1281,85,Hélice de Alumínio 6549,2,0.01694915254237288,6.471751412429379,5.819874872690237e-05
113,Hélice de Alumínio 1281,218,Bússola de Bordo 4059,2,0.01694915254237288,5.883410374935798,5.819874872690237e-05
113,Hélice de Alumínio 1281,263,Tinta Antifouling 3557,2,0.01694915254237288,5.71036889332004,5.819874872690237e-05
113,Hélice de Alumínio 1281,159,GPS Plotter 2508,4,0.03389830508474576,5.494883274704189,0.00011639749745380474
114,Tinta Antifouling 3228,393,Hélice de Alumínio 2428,4,0.013937282229965157,4.4762121853528285,0.00011639749745380474
114,Tinta Antifouling 3228,61,Tinta Antifouling 693,3,0.010452961672473868,3.703258019325407,8.729812309035356e-05
114,Tinta Antifouling 3228,397,GPS Plotter 3411,3,0.010452961672473868,3.454000268024658,8.729812309035356e-05
114,Tinta Antifouling 3228,105,Defensa Náutica 1200,3,0.010452961672473868,3.4211050273768047,8.729812309035356e-05
114,Tinta Antifouling 3228,355,Cabo Náutico 1755,3,0.010452961672473868,3.3260743321718933,8.729812309035356e-05
115,Bateria Náutica 8635,463,Motor de Popa 8671,3,0.011152416356877323,4.405204460966543,8.729812309035356e-05
115,Bateria Náutica 8635,287,Âncora Bruce 4980,3,0.011152416356877323,3.910742735756012,8.729812309035356e-05
115,Bateria Náutica 8635,104,Bússola de Bordo 7303,3,0.011152416356877323,3.794582060436527,8.729812309035356e-05
115,Bateria Náutica 8635,209,Cabo Náutico 7626,3,0.011152416356877323,3.581801757982142,8.729812309035356e-05
115,Bateria Náutica 8635,51,Defensa Náutica 9969,3,0.011152416356877323,3.548636926889715,8.729812309035356e-05
116,Colete Salva-Vidas 280,280,Defensa Náutica 7532,3,0.014705882352941176,5.678288169200265,8.729812309035356e-05
116,Colete Salva-Vidas 280,402,Tinta Antifouling 3241,3,0.014705882352941176,5.553490627020039,8.729812309035356e-05
116,Colete Salva-Vidas 280,228,Defensa Náutica 9651,3,0.014705882352941176,4.813025210084033,8.729812309035356e-05
116,Colete Salva-Vidas 280,323,Âncora Bruce 7053,5,0.024509803921568627,4.319381598793363,0.00014549687181725592
116,Colete Salva-Vidas 280,369,Hélice de Alumínio 393,5,0.024509803921568627,4.190444834650278,0.00014549687181725592
117,Sonar Transducer 869,353,Cabo Náutico 2862,3,0.015544041450777202,5.682670047403814,8.729812309035356e-05
117,Sonar Transducer 869,416,Tinta Antifouling 9500,5,0.025906735751295335,4.259736718149589,0.00014549687181725592
117,Sonar Transducer 869,84,Defensa Náutica 656,5,0.025906735751295335,4.239452257586972,0.00014549687181725592
117,Sonar Transducer 869,391,Bússola de Bordo 5574,5,0.025906735751295335,4.121689694876223,0.00014549687181725592
117,Sonar Transducer 869,448,Bateria Náutica 6898,2,0.010362694300518135,4.046749882242111,5.819874872690237e-05
118,Vela Mestra 5825,343,Bússola de Bordo 2338,4,0.012779552715654952,4.1043862530232005,0.00011639749745380474
118,Vela Mestra 5825,412,Motor de Popa 6647,7,0.022364217252396165,3.6423996487137167,0.0002036956205441583
118,Vela Mestra 5825,390,Defensa Náutica 3955,3,0.009584664536741214,3.0782896897674,8.729812309035356e-05
118,Vela Mestra 5825,415,Bateria Náutica 6140,3,0.009584664536741214,2.8892719017992263,8.729812309035356e-05
118,Vela Mestra 5825,245,Cabo Náutico 7064,5,0.01597444089456869,2.7311525439893187,0.00014549687181725592
119,Motor de Popa 2911,246,Motor de Popa 1365,2,0.01818181818181818,6.942424242424242,5.819874872690237e-05
119,Motor de Popa 2911,99,Âncora Bruce 2417,2,0.01818181818181818,5.95064935064935,5.819874872690237e-05
119,Motor de Popa 2911,343,Bússola de Bordo 2338,2,0.01818181818181818,5.8394222599830075,5.819874872690237e-05
119,Motor de Popa 2911,419,Defensa Náutica 9143,2,0.01818181818181818,5.732276897414512,5.819874872690237e-05
119,Motor de Popa 2911,171,Motor de Popa 6225,5,0.045454545454545456,5.006555944055944,0.00014549687181725592
120,Motor de Popa 8681,396,Bússola de Bordo 8014,2,0.021052631578947368,7.69652855543113,5.819874872690237e-05
120,Motor de Popa 8681,332,Bateria Náutica 9527,2,0.021052631578947368,7.234736842105264,5.819874872690237e-05
120,Motor de Popa 8681,462,Hélice de Alumínio 1260,2,0.021052631578947368,6.761436301032956,5.819874872690237e-05
120,Motor de Popa 8681,369,Hélice de Alumínio 393,3,0.031578947368421054,5.399057344854675,8.729812309035356e-05
120,Motor de Popa 8681,168,Âncora Bruce 7525,3,0.031578947368421054,5.000970167353869,8.729812309035356e-05
121,GPS Plotter 1152,398,Âncora Bruce 4713,3,0.018292682926829267,6.349778270509978,8.729812309035356e-05
121,GPS Plotter 1152,429,GPS Plotter 3591,3,0.018292682926829267,6.224040086935522,8.729812309035356e-05
121,GPS Plotter 1152,372,Vela Mestra 500,3,0.018292682926829267,5.66331575477917,8.729812309035356e-05
121,GPS Plotter 1152,292,Vela Mestra 7242,3,0.018292682926829267,5.514281129653401,8.729812309035356e-05
121,GPS Plotter 1152,454,Vela Mestra 401,2,0.012195121951219513,4.7088243354343655,5.819874872690237e-05
122,Vela Mestra 7742,429,GPS Plotter 3591,2,0.020618556701030927,7.015412881494335,5.819874872690237e-05
122,Vela Mestra 7742,166,GPS Plotter 7150,2,0.020618556701030927,6.560710194730813,5.819874872690237e-05
122,Vela Mestra 7742,162,Bateria Náutica 2654,2,0.020618556701030927,6.383393702981332,5.819874872690237e-05
122,Vela Mestra 7742,93,Bússola de Bordo 2692,3,0.030927835051546393,5.3678537956888475,8.729812309035356e-05
122,Vela Mestra 7742,500,Motor de Popa 7932,3,0.030927835051546393,5.18456122705557,8.729812309035356e-05
123,Bateria Náutica 6577,155,Bateria Náutica 5487,3,0.014423076923076924,4.236316568047338,8.729812309035356e-05
123,Bateria Náutica 6577,89,Âncora Bruce 2687,3,0.014423076923076924,4.096273045136682,8.729812309035356e-05
123,Bateria Náutica 6577,467,Colete Salva-Vidas 2345,2,0.009615384615384616,3.9337225274725274,5.819874872690237e-05
123,Bateria Náutica 6577,446,Vela Mestra 2993,2,0.009615384615384616,3.631128486897718,5.819874872690237e-05
123,Bateria Náutica 6577,13,GPS Plotter 7021,2,0.009615384615384616,3.631128486897718,5.819874872690237e-05
124,Âncora Bruce 9985,385,GPS Plotter 5137,4,0.018867924528301886,6.5494568324757,0.00011639749745380474
124,Âncora Bruce 9985,61,Tinta Antifouling 693,3,0.014150943396226415,5.013372884652791,8.729812309035356e-05
124,Âncora Bruce 9985,51,Defensa Náutica 9969,3,0.014150943396226415,4.502751572327044,8.729812309035356e-05
124,Âncora Bruce 9985,37,Âncora Bruce 3597,8,0.03773584905660377,4.027305754131021,0.00023279499490760948
124,Âncora Bruce 9985,403,Vela Mestra 807,2,0.009433962264150943,3.769745502413339,5.819874872690237e-05
125,Âncora Bruce 9236,163,Defensa Náutica 1277,3,0.013392857142857142,4.648944805194805,8.729812309035356e-05
125,Âncora Bruce 9236,320,Colete Salva-Vidas 7959,5,0.022321428571428572,3.7601759453781516,0.00014549687181725592
125,Âncora Bruce 9236,317,Defensa Náutica 3153,2,0.008928571428571428,3.4867086038961035,5.819874872690237e-05
125,Âncora Bruce 9236,220,Tinta Antifouling 5225,4,0.017857142857142856,3.428272146847566,0.00011639749745380474
125,Âncora Bruce 9236,233,Bateria Náutica 6163,6,0.026785714285714284,3.323072460030944,0.00017459624618070712
126,Hélice de Alumínio 9713,236,Bateria Náutica 9272,3,0.014150943396226415,4.767619311875694,8.729812309035356e-05
126,Hélice de Alumínio 9713,418,Tinta Antifouling 6959,3,0.014150943396226415,4.631401617250674,8.729812309035356e-05
126,Hélice de Alumínio 9713,56,Sonar Transducer 4571,2,0.009433962264150943,3.769745502413339,5.819874872690237e-05
126,Hélice de Alumínio 9713,309,Motor de Popa 4415,2,0.009433962264150943,3.7264150943396226,5.819874872690237e-05
126,Hélice de Alumínio 9713,233,Bateria Náutica 6163,6,0.02830188679245283,3.511170901164771,0.00017459624618070712
127,Defensa Náutica 6521,398,Âncora Bruce 4713,3,0.01639344262295082,5.690511674118232,8.729812309035356e-05
127,Defensa Náutica 6521,314,Tinta Antifouling 2982,3,0.01639344262295082,5.314723167336839,8.729812309035356e-05
127,Defensa Náutica 6521,454,Vela Mestra 401,2,0.01092896174863388,4.21993000552588,5.819874872690237e-05
127,Defensa Náutica 6521,13,GPS Plotter 7021,2,0.01092896174863388,4.127184291118717,5.819874872690237e-05
127,Defensa Náutica 6521,339,Sonar Transducer 6256,2,0.01092896174863388,4.038427639696809,5.819874872690237e-05
128,Cabo Náutico 7174,12,Cabo Náutico 8028,4,0.017391304347826087,4.632962588473205,0.00011639749745380474
128,Cabo Náutico 7174,225,Âncora Bruce 7480,3,0.013043478260869565,4.351836217813423,8.729812309035356e-05
128,Cabo Náutico 7174,400,Vela Mestra 4667,3,0.013043478260869565,3.8977315689981094,8.729812309035356e-05
128,Cabo Náutico 7174,232,Hélice de Alumínio 5784,8,0.034782608695652174,3.484852326023577,0.00023279499490760948
128,Cabo Náutico 7174,270,Defensa Náutica 8531,2,0.008695652173913044,3.3957509881422925,5.819874872690237e-05
129,Defensa Náutica 4517,397,GPS Plotter 3411,3,0.015625,5.163010817307692,8.729812309035356e-05
129,Defensa Náutica 4517,228,Defensa Náutica 9651,3,0.015625,5.113839285714286,8.729812309035356e-05
129,Defensa Náutica 4517,198,Hélice de Alumínio 8067,5,0.026041666666666668,4.181877920560748,0.00014549687181725592
129,Defensa Náutica 4517,463,Motor de Popa 8671,2,0.010416666666666666,4.114583333333333,5.819874872690237e-05
129,Defensa Náutica 4517,8,Cabo Náutico 1373,2,0.010416666666666666,4.067826704545454,5.819874872690237e-05
130,Tinta Antifouling 9285,193,Cabo Náutico 8225,4,0.013513513513513514,4.738692774407061,0.00011639749745380474
130,Tinta Antifouling 9285,471,Colete Salva-Vidas 7201,4,0.013513513513513514,4.465306652806653,0.00011639749745380474
130,Tinta Antifouling 9285,157,Bússola de Bordo 1248,4,0.013513513513513514,4.221744471744472,0.00011639749745380474
130,Tinta Antifouling 9285,403,Vela Mestra 807,3,0.010135135135135136,4.049929289754871,8.729812309035356e-05
130,Tinta Antifouling 9285,448,Bateria Náutica 6898,3,0.010135135135135136,3.9578854422604426,8.729812309035356e-05
131,Âncora Bruce 7031,281,Vela Mestra 8105,3,0.015706806282722512,5.622545811518324,8.729812309035356e-05
131,Âncora Bruce 7031,393,Hélice de Alumínio 2428,3,0.015706806282722512,5.044527083231394,8.729812309035356e-05
131,Âncora Bruce 7031,472,Defensa Náutica 9030,2,0.010471204188481676,4.233446258084386,5.819874872690237e-05
131,Âncora Bruce 7031,345,Vela Mestra 1741,6,0.031413612565445025,4.0431790105300305,0.00017459624618070712
131,Âncora Bruce 7031,79,Sonar Transducer 5255,2,0.010471204188481676,3.99825479930192,5.819874872690237e-05
132,Tinta Antifouling 7287,478,Tinta Antifouling 3290,2,0.018867924528301886,6.825223435948361,5.819874872690237e-05
132,Tinta Antifouling 7287,444,Hélice de Alumínio 4479,4,0.03773584905660377,6.754127358490566,0.00011639749745380474
132,Tinta Antifouling 7287,170,Bateria Náutica 834,4,0.03773584905660377,6.088227478076003,0.00011639749745380474
132,Tinta Antifouling 7287,192,GPS Plotter 649,3,0.02830188679245283,4.98766328011611,8.729812309035356e-05
132,Tinta Antifouling 7287,443,Vela Mestra 6757,3,0.02830188679245283,4.814823463478423,8.729812309035356e-05
133,Âncora Bruce 7309,418,Tinta Antifouling 6959,5,0.02304147465437788,7.541145490454246,0.00014549687181725592
133,Âncora Bruce 7309,395,Vela Mestra 9165,4,0.018433179723502304,6.334562211981567,0.00011639749745380474
133,Âncora Bruce 7309,380,Sonar Transducer 8538,3,0.013824884792626729,4.399001536098311,8.729812309035356e-05
133,Âncora Bruce 7309,14,Defensa Náutica 1161,5,0.02304147465437788,3.9990923055439187,0.00014549687181725592
133,Âncora Bruce 7309,42,Tinta Antifouling 503,3,0.013824884792626729,3.926381536352211,8.729812309035356e-05
134,Cabo Náutico 5788,262,Hélice de Alumínio 9192,3,0.016216216216216217,5.572702702702704,8.729812309035356e-05
134,Cabo Náutico 5788,199,Colete Salva-Vidas 2755,3,0.016216216216216217,5.208133367011872,8.729812309035356e-05
134,Cabo Náutico 5788,41,Âncora Bruce 2416,5,0.02702702702702703,4.643918918918919,0.00014549687181725592
134,Cabo Náutico 5788,334,Tinta Antifouling 3404,5,0.02702702702702703,4.360487247811192,0.00014549687181725592
134,Cabo Náutico 5788,309,Motor de Popa 4415,2,0.010810810810810811,4.27027027027027,5.819874872690237e-05
135,GPS Plotter 3319,499,Âncora Bruce 3938,4,0.018779342723004695,6.205308775731311,0.00011639749745380474
135,GPS Plotter 3319,296,Vela Mestra 9794,3,0.014084507042253521,5.094885100074129,8.729812309035356e-05
135,GPS Plotter 3319,20,GPS Plotter 7169,6,0.028169014084507043,4.7922186584855675,0.00017459624618070712
135,GPS Plotter 3319,343,Bússola de Bordo 2338,3,0.014084507042253521,4.5234961168882455,8.729812309035356e-05
135,GPS Plotter 3319,305,Bateria Náutica 5556,3,0.014084507042253521,4.033450704225352,8.729812309035356e-05
136,Colete Salva-Vidas 9822,463,Motor de Popa 8671,2,0.02247191011235955,8.876404494382022,5.819874872690237e-05
136,Colete Salva-Vidas 9822,76,Sonar Transducer 9995,6,0.06741573033707865,7.546389488709146,0.00017459624618070712
136,Colete Salva-Vidas 9822,221,Sonar Transducer 4498,2,0.02247191011235955,6.435393258426966,5.819874872690237e-05
136,Colete Salva-Vidas 9822,100,Defensa Náutica 2321,3,0.033707865168539325,5.38777110007839,8.729812309035356e-05
136,Colete Salva-Vidas 9822,78,Colete Salva-Vidas 8571,4,0.0449438202247191,5.307540831692344,0.00011639749745380474
137,Motor de Popa 8544,225,Âncora Bruce 7480,2,0.01680672268907563,5.607408011748388,5.819874872690237e-05
137,Motor de Popa 8544,424,Colete Salva-Vidas 8874,3,0.025210084033613446,4.867104145028798,8.729812309035356e-05
137,Motor de Popa 8544,412,Motor de Popa 6647,3,0.025210084033613446,4.105898283484009,8.729812309035356e-05
137,Motor de Popa 8544,447,Cabo Náutico 2366,3,0.025210084033613446,4.0483389617529255,8.729812309035356e-05
137,Motor de Popa 8544,180,Motor de Popa 1949,4,0.03361344537815126,3.8504201680672265,0.00011639749745380474
138,Cabo Náutico 3217,97,Motor de Popa 5396,5,0.024875621890547265,4.475658357427522,0.00014549687181725592
138,Cabo Náutico 3217,82,Bússola de Bordo 3993,5,0.024875621890547265,4.170003640334912,0.00014549687181725592
138,Cabo Náutico 3217,309,Motor de Popa 4415,2,0.009950248756218905,3.9303482587064673,5.819874872690237e-05
138,Cabo Náutico 3217,120,Motor de Popa 8681,2,0.009950248756218905,3.599371563236449,5.819874872690237e-05
138,Cabo Náutico 3217,429,GPS Plotter 3591,2,0.009950248756218905,3.385547509974878,5.819874872690237e-05
139,Sonar Transducer 7171,355,Cabo Náutico 1755,3,0.0297029702970297,9.451320132013201,8.729812309035356e-05
139,Sonar Transducer 7171,359,Hélice de Alumínio 8562,2,0.019801980198019802,7.821782178217822,5.819874872690237e-05
139,Sonar Transducer 7171,47,Motor de Popa 5561,4,0.039603960396039604,6.67152009318579,0.00011639749745380474
139,Sonar Transducer 7171,38,Sonar Transducer 7290,2,0.019801980198019802,6.606748053446121,5.819874872690237e-05
139,Sonar Transducer 7171,273,Vela Mestra 3325,3,0.0297029702970297,4.837642532025714,8.729812309035356e-05
140,Bússola de Bordo 5528,347,Bússola de Bordo 9956,3,0.013215859030837005,5.28096506505481,8.729812309035356e-05
140,Bússola de Bordo 5528,42,Tinta Antifouling 503,4,0.01762114537444934,5.004550915644228,0.00011639749745380474
140,Bússola de Bordo 5528,200,Tinta Antifouling 4777,3,0.013215859030837005,4.990802149392458,8.729812309035356e-05
140,Bússola de Bordo 5528,109,Âncora Bruce 8139,3,0.013215859030837005,4.831521229730996,8.729812309035356e-05
140,Bússola de Bordo 5528,263,Tinta Antifouling 3557,3,0.013215859030837005,4.4525783881834675,8.729812309035356e-05
141,Motor de Popa 5440,433,Colete Salva-Vidas 2045,5,0.0165016501650165,6.371676493492045,0.00014549687181725592
141,Motor de Popa 5440,240,Bússola de Bordo 702,4,0.013201320132013201,4.4917164983825115,0.00011639749745380474
141,Motor de Popa 5440,139,Sonar Transducer 7171,4,0.013201320132013201,4.4917164983825115,0.00011639749745380474
141,Motor de Popa 5440,136,Colete Salva-Vidas 9822,3,0.009900990099009901,3.8230058960952276,8.729812309035356e-05
141,Motor de Popa 5440,296,Vela Mestra 9794,3,0.009900990099009901,3.5815528921313184,8.729812309035356e-05
142,Cabo Náutico 3932,307,Vela Mestra 6857,3,0.031578947368421054,12.057894736842107,8.729812309035356e-05
142,Cabo Náutico 3932,18,Âncora Bruce 7120,2,0.021052631578947368,7.382384532760472,5.819874872690237e-05
142,Cabo Náutico 3932,263,Tinta Antifouling 3557,2,0.021052631578947368,7.0928792569659445,5.819874872690237e-05
142,Cabo Náutico 3932,76,Sonar Transducer 9995,6,0.06315789473684211,7.069775415738042,0.00017459624618070712
142,Cabo Náutico 3932,228,Defensa Náutica 9651,2,0.021052631578947368,6.890225563909774,5.819874872690237e-05
143,Tinta Antifouling 849,471,Colete Salva-Vidas 7201,4,0.012618296529968454,4.169497694734288,0.00011639749745380474
143,Tinta Antifouling 849,56,Sonar Transducer 4571,3,0.00946372239747634,3.7816374440613307,8.729812309035356e-05
143,Tinta Antifouling 849,410,Vela Mestra 207,7,0.022082018927444796,3.372660357518402,0.0002036956205441583
143,Tinta Antifouling 849,106,Hélice de Alumínio 2016,5,0.015772870662460567,3.285058789790651,0.00014549687181725592
143,Tinta Antifouling 849,449,Bússola de Bordo 8282,3,0.00946372239747634,3.188439413620338,8.729812309035356e-05
144,Vela Mestra 7171,418,Tinta Antifouling 6959,4,0.012698412698412698,4.156009070294784,0.00011639749745380474
144,Vela Mestra 7171,246,Motor de Popa 1365,3,0.009523809523809525,3.636507936507937,8.729812309035356e-05
144,Vela Mestra 7171,109,Âncora Bruce 8139,3,0.009523809523809525,3.4817629179331306,8.729812309035356e-05
144,Vela Mestra 7171,139,Sonar Transducer 7171,3,0.009523809523809525,3.240452616690241,8.729812309035356e-05
144,Vela Mestra 7171,112,Âncora Bruce 7692,3,0.009523809523809525,3.087601078167116,8.729812309035356e-05
145,Sonar Transducer 1176,166,GPS Plotter 7150,3,0.014778325123152709,4.7023809523809526,8.729812309035356e-05
145,Sonar Transducer 1176,102,Bateria Náutica 3506,3,0.014778325123152709,4.416149068322981,8.729812309035356e-05
145,Sonar Transducer 1176,467,Colete Salva-Vidas 2345,2,0.009852216748768473,4.030612244897959,5.819874872690237e-05
145,Sonar Transducer 1176,45,Tinta Antifouling 3620,2,0.009852216748768473,3.983193277310924,5.819874872690237e-05
145,Sonar Transducer 1176,12,Cabo Náutico 8028,3,0.014778325123152709,3.93687707641196,8.729812309035356e-05
146,Cabo Náutico 7323,396,Bússola de Bordo 8014,3,0.014634146341463415,5.350025947067981,8.729812309035356e-05
146,Cabo Náutico 7323,472,Defensa Náutica 9030,2,0.00975609756097561,3.9443328550932564,5.819874872690237e-05
146,Cabo Náutico 7323,135,GPS Plotter 3319,5,0.024390243902439025,3.9350738577808313,0.00014549687181725592
146,Cabo Náutico 7323,365,Sonar Transducer 455,2,0.00975609756097561,3.4563741513703796,5.819874872690237e-05
146,Cabo Náutico 7323,319,Defensa Náutica 8553,2,0.00975609756097561,3.386548410938655,5.819874872690237e-05
147,Motor de Popa 1923,463,Motor de Popa 8671,3,0.015625,6.171875,8.729812309035356e-05
147,Motor de Popa 1923,241,Defensa Náutica 5179,3,0.015625,4.550450211864407,8.729812309035356e-05
147,Motor de Popa 1923,403,Vela Mestra 807,2,0.010416666666666666,4.162427325581395,5.819874872690237e-05
147,Motor de Popa 1923,446,Vela Mestra 2993,2,0.010416666666666666,3.9337225274725274,5.819874872690237e-05
147,Motor de Popa 1923,336,Bateria Náutica 2400,2,0.010416666666666666,3.690399484536082,5.819874872690237e-05
148,Colete Salva-Vidas 8269,246,Motor de Popa 1365,2,0.017699115044247787,6.758112094395281,5.819874872690237e-05
148,Colete Salva-Vidas 8269,292,Vela Mestra 7242,2,0.017699115044247787,5.335351653469957,5.819874872690237e-05
148,Colete Salva-Vidas 8269,235,GPS Plotter 1842,3,0.02654867256637168,4.386274676650783,8.729812309035356e-05
148,Colete Salva-Vidas 8269,50,Vela Mestra 1577,3,0.02654867256637168,4.1096627601052385,8.729812309035356e-05
148,Colete Salva-Vidas 8269,160,Tinta Antifouling 901,4,0.035398230088495575,3.88645423958834,0.00011639749745380474
149,Bateria Náutica 948,69,Motor de Popa 2195,3,0.015,6.136607142857142,8.729812309035356e-05
149,Bateria Náutica 948,433,Colete Salva-Vidas 2045,3,0.015,5.79185393258427,8.729812309035356e-05
149,Bateria Náutica 948,407,Motor de Popa 3225,3,0.015,5.48377659574468,8.729812309035356e-05
149,Bateria Náutica 948,349,Bateria Náutica 5090,3,0.015,5.206818181818182,8.729812309035356e-05
149,Bateria Náutica 948,489,Defensa Náutica 9755,3,0.015,4.686136363636364,8.729812309035356e-05
150,Defensa Náutica 2783,347,Bússola de Bordo 9956,4,0.012861736334405145,5.139460106184102,0.00011639749745380474
150,Defensa Náutica 2783,226,Hélice de Alumínio 3756,5,0.01607717041800643,4.722153516365735,0.00014549687181725592
150,Defensa Náutica 2783,288,Vela Mestra 5566,8,0.02572347266881029,4.169750652187101,0.00023279499490760948
150,Defensa Náutica 2783,307,Vela Mestra 6857,3,0.00964630225080386,3.683279742765274,8.729812309035356e-05
150,Defensa Náutica 2783,172,Defensa Náutica 2684,3,0.00964630225080386,3.5644642671922,8.729812309035356e-05
151,Hélice de Alumínio 7225,48,Bússola de Bordo 6684,2,0.021052631578947368,7.536184210526315,5.819874872690237e-05
151,Hélice de Alumínio 7225,326,Defensa Náutica 824,2,0.021052631578947368,7.163105784262637,5.819874872690237e-05
151,Hélice de Alumínio 7225,209,Cabo Náutico 7626,2,0.021052631578947368,6.761436301032956,5.819874872690237e-05
151,Hélice de Alumínio 7225,215,Âncora Bruce 3775,2,0.021052631578947368,6.761436301032956,5.819874872690237e-05
151,Hélice de Alumínio 7225,221,Sonar Transducer 4498,2,0.021052631578947368,6.028947368421052,5.819874872690237e-05
152,Caboo Náutico 4942,499,Âncora Bruce 3938,5,0.01824817518248175,6.0297936552498586,0.00014549687181725592
152,Caboo Náutico 4942,61,Tinta Antifouling 693,3,0.010948905109489052,3.878960042140116,8.729812309035356e-05
152,Caboo Náutico 4942,326,Defensa Náutica 824,3,0.010948905109489052,3.725337862253379,8.729812309035356e-05
152,Caboo Náutico 4942,491,Bússola de Bordo 4004,3,0.010948905109489052,3.725337862253379,8.729812309035356e-05
152,Caboo Náutico 4942,141,Motor de Popa 5440,7,0.025547445255474453,2.89748500397485,0.0002036956205441583
153,Motor de Popa 9201,247,Defensa Náutica 7459,7,0.021671826625386997,3.6507466763795304,0.0002036956205441583
153,Motor de Popa 9201,246,Motor de Popa 1365,3,0.009287925696594427,3.5464396284829722,8.729812309035356e-05
153,Motor de Popa 9201,402,Tinta Antifouling 3241,3,0.009287925696594427,3.507467764433709,8.729812309035356e-05
153,Motor de Popa 9201,172,Defensa Náutica 2684,3,0.009287925696594427,3.4320383501448113,8.729812309035356e-05
153,Motor de Popa 9201,210,João da Silva,6,0.018575851393188854,3.273636580138128,0.00017459624618070712
154,Hélice de Alumínio 549,354,Bússola de Bordo 1372,4,0.013513513513513514,4.787545277235999,0.00011639749745380474
154,Hélice de Alumínio 549,330,Bússola de Bordo 4659,3,0.010135135135135136,3.9578854422604426,8.729812309035356e-05
154,Hélice de Alumínio 549,163,Defensa Náutica 1277,3,0.010135135135135136,3.5181203931203933,8.729812309035356e-05
154,Hélice de Alumínio 549,103,GPS Plotter 3183,8,0.02702702702702703,3.478590950501063,0.00023279499490760948
154,Hélice de Alumínio 549,422,Sonar Transducer 7193,6,0.02027027027027027,3.465611133521582,0.00017459624618070712
155,Bateria Náutica 5487,186,Motor de Popa 4710,2,0.017094017094017096,6.752136752136753,5.819874872690237e-05
155,Bateria Náutica 5487,189,Cabo Náutico 8341,2,0.017094017094017096,6.45533953226261,5.819874872690237e-05
155,Bateria Náutica 5487,54,Colete Salva-Vidas 6302,2,0.017094017094017096,5.5418480890179005,5.819874872690237e-05
155,Bateria Náutica 5487,453,Motor de Popa 8838,5,0.042735042735042736,5.320977331846898,0.00014549687181725592
155,Bateria Náutica 5487,415,Bateria Náutica 6140,2,0.017094017094017096,5.1529464687359425,5.819874872690237e-05
156,GPS Plotter 2111,358,Motor de Popa 553,4,0.013888888888888888,4.5027515723270435,0.00011639749745380474
156,GPS Plotter 2111,186,Motor de Popa 4710,3,0.010416666666666666,4.114583333333333,8.729812309035356e-05
156,GPS Plotter 2111,317,Defensa Náutica 3153,3,0.010416666666666666,4.067826704545454,8.729812309035356e-05
156,GPS Plotter 2111,325,Âncora Bruce 5388,3,0.010416666666666666,3.728841145833333,8.729812309035356e-05
156,GPS Plotter 2111,61,Tinta Antifouling 693,3,0.010416666666666666,3.690399484536082,8.729812309035356e-05
157,Bússola de Bordo 1248,61,Tinta Antifouling 693,2,0.01818181818181818,6.441424554826616,5.819874872690237e-05
157,Bússola de Bordo 1248,423,GPS Plotter 5583,2,0.01818181818181818,6.31129476584022,5.819874872690237e-05
157,Bússola de Bordo 1248,230,Bússola de Bordo 4361,2,0.01818181818181818,6.0078671328671325,5.819874872690237e-05
157,Bússola de Bordo 1248,419,Defensa Náutica 9143,2,0.01818181818181818,5.732276897414512,5.819874872690237e-05
157,Bússola de Bordo 1248,489,Defensa Náutica 9755,2,0.01818181818181818,5.680165289256198,5.819874872690237e-05
158,Vela Mestra 8056,489,Defensa Náutica 9755,4,0.014814814814814815,4.6282828282828286,0.00011639749745380474
158,Vela Mestra 8056,305,Bateria Náutica 5556,4,0.014814814814814815,4.242592592592593,0.00011639749745380474
158,Vela Mestra 8056,392,Tinta Antifouling 3067,9,0.03333333333333333,4.0477031802120145,0.00026189436927106065
158,Vela Mestra 8056,324,Colete Salva-Vidas 5603,3,0.011111111111111112,3.780528052805281,8.729812309035356e-05
158,Vela Mestra 8056,15,Bússola de Bordo 6287,3,0.011111111111111112,3.780528052805281,8.729812309035356e-05
159,GPS Plotter 2508,113,Hélice de Alumínio 1281,4,0.018867924528301886,5.494883274704189,0.00011639749745380474
159,GPS Plotter 2508,376,Defensa Náutica 7831,3,0.014150943396226415,5.118917576961271,8.729812309035356e-05
159,GPS Plotter 2508,151,Hélice de Alumínio 7225,3,0.014150943396226415,5.118917576961271,8.729812309035356e-05
159,GPS Plotter 2508,139,Sonar Transducer 7171,3,0.014150943396226415,4.814823463478423,8.729812309035356e-05
159,GPS Plotter 2508,11,Hélice de Alumínio 4091,5,0.02358490566037736,4.114189253902883,0.00014549687181725592
160,Tinta Antifouling 901,30,Colete Salva-Vidas 8612,3,0.009584664536741214,3.9211547238703783,8.729812309035356e-05
160,Tinta Antifouling 901,148,Colete Salva-Vidas 8269,4,0.012779552715654952,3.8864542395883395,0.00011639749745380474
160,Tinta Antifouling 901,155,Bateria Náutica 5487,4,0.012779552715654952,3.7535840091750634,0.00011639749745380474
160,Tinta Antifouling 901,478,Tinta Antifouling 3290,3,0.009584664536741214,3.4671262821590716,8.729812309035356e-05
160,Tinta Antifouling 901,449,Bússola de Bordo 8282,3,0.009584664536741214,3.229186243187371,8.729812309035356e-05
161,Bússola de Bordo 5772,491,Bússola de Bordo 4004,4,0.012121212121212121,4.124212421242125,0.00011639749745380474
161,Bússola de Bordo 5772,437,Hélice de Alumínio 728,4,0.012121212121212121,3.471212121212121,0.00011639749745380474
161,Bússola de Bordo 5772,60,Vela Mestra 2410,3,0.00909090909090909,3.288516746411483,8.729812309035356e-05
161,Bússola de Bordo 5772,10,Colete Salva-Vidas 6199,3,0.00909090909090909,3.0330979699911733,8.729812309035356e-05
161,Bússola de Bordo 5772,38,Sonar Transducer 7290,3,0.00909090909090909,3.0330979699911733,8.729812309035356e-05
162,Bateria Náutica 2654,330,Bússola de Bordo 4659,4,0.036036036036036036,14.072481572481573,0.00011639749745380474
162,Bateria Náutica 2654,359,Hélice de Alumínio 8562,2,0.018018018018018018,7.117117117117117,5.819874872690237e-05
162,Bateria Náutica 2654,122,Vela Mestra 7742,2,0.018018018018018018,6.383393702981332,5.819874872690237e-05
162,Bateria Náutica 2654,266,Bússola de Bordo 9356,4,0.036036036036036036,6.3506583506583505,0.00011639749745380474
162,Bateria Náutica 2654,329,Colete Salva-Vidas 3098,3,0.02702702702702703,4.993461203138622,8.729812309035356e-05
163,Defensa Náutica 1277,390,Defensa Náutica 3955,2,0.020202020202020204,6.488246955536676,5.819874872690237e-05
163,Defensa Náutica 1277,380,Sonar Transducer 8538,2,0.020202020202020204,6.428170594837262,5.819874872690237e-05
163,Defensa Náutica 1277,492,Bateria Náutica 4361,3,0.030303030303030304,5.055163283318623,8.729812309035356e-05
163,Defensa Náutica 1277,447,Cabo Náutico 2366,3,0.030303030303030304,4.866185216652506,8.729812309035356e-05
163,Defensa Náutica 1277,378,Cabo Náutico 5157,3,0.030303030303030304,4.798910766652702,8.729812309035356e-05
164,Bateria Náutica 2738,212,Sonar Transducer 594,6,0.032432432432432434,5.257266700662927,0.00017459624618070712
164,Bateria Náutica 2738,200,Tinta Antifouling 4777,2,0.010810810810810811,4.082566082566083,5.819874872690237e-05
164,Bateria Náutica 2738,336,Bateria Náutica 2400,2,0.010810810810810811,3.830036221788799,5.819874872690237e-05
164,Bateria Náutica 2738,218,Bússola de Bordo 4059,2,0.010810810810810811,3.7526617526617527,5.819874872690237e-05
164,Bateria Náutica 2738,385,GPS Plotter 5137,2,0.010810810810810811,3.7526617526617527,5.819874872690237e-05
165,GPS Plotter 6840,30,Colete Salva-Vidas 8612,3,0.013333333333333334,5.454761904761905,8.729812309035356e-05
165,GPS Plotter 6840,226,Hélice de Alumínio 3756,4,0.017777777777777778,5.221652421652422,0.00011639749745380474
165,GPS Plotter 6840,211,Cabo Náutico 9796,3,0.013333333333333334,5.091111111111112,8.729812309035356e-05
165,GPS Plotter 6840,452,Tinta Antifouling 4641,3,0.013333333333333334,4.582000000000001,8.729812309035356e-05
165,GPS Plotter 6840,461,Colete Salva-Vidas 3259,3,0.013333333333333334,4.3226415094339625,8.729812309035356e-05
166,GPS Plotter 7150,122,Vela Mestra 7742,2,0.018518518518518517,6.560710194730813,5.819874872690237e-05
166,GPS Plotter 7150,449,Bússola de Bordo 8282,2,0.018518518518518517,6.239106753812636,5.819874872690237e-05
166,GPS Plotter 7150,419,Defensa Náutica 9143,2,0.018518518518518517,5.838430173292559,5.819874872690237e-05
166,GPS Plotter 7150,453,Motor de Popa 8838,5,0.046296296296296294,5.764392109500805,0.00014549687181725592
166,GPS Plotter 7150,226,Hélice de Alumínio 3756,2,0.018518518518518517,5.439221272554605,5.819874872690237e-05
167,GPS Plotter 2659,347,Bússola de Bordo 9956,4,0.0125,4.994912790697675,0.00011639749745380474
167,GPS Plotter 2659,58,Sonar Transducer 3832,7,0.021875,3.448322821100917,0.0002036956205441583
167,GPS Plotter 2659,365,Sonar Transducer 455,3,0.009375,3.321359536082474,8.729812309035356e-05
167,GPS Plotter 2659,193,Cabo Náutico 8225,3,0.009375,3.287468112244898,8.729812309035356e-05
167,GPS Plotter 2659,121,GPS Plotter 1152,5,0.015625,3.2741044207317076,0.00014549687181725592
168,Âncora Bruce 7525,446,Vela Mestra 2993,3,0.013824884792626729,5.22079303185294,8.729812309035356e-05
168,Âncora Bruce 7525,120,Motor de Popa 8681,3,0.013824884792626729,5.000970167353868,8.729812309035356e-05
168,Âncora Bruce 7525,332,Bateria Náutica 9527,3,0.013824884792626729,4.750921658986176,8.729812309035356e-05
168,Âncora Bruce 7525,10,Colete Salva-Vidas 6199,3,0.013824884792626729,4.612545299986578,8.729812309035356e-05
168,Âncora Bruce 7525,241,Defensa Náutica 5179,3,0.013824884792626729,4.0262047957509965,8.729812309035356e-05
169,Hélice de Alumínio 1674,211,Cabo Náutico 9796,2,0.020833333333333332,7.954861111111111,5.819874872690237e-05
169,Hélice de Alumínio 1674,396,Bússola de Bordo 8014,2,0.020833333333333332,7.616356382978722,5.819874872690237e-05
169,Hélice de Alumínio 1674,109,Âncora Bruce 8139,2,0.020833333333333332,7.616356382978722,5.819874872690237e-05
169,Hélice de Alumínio 1674,419,Defensa Náutica 9143,2,0.020833333333333332,6.5682339449541285,5.819874872690237e-05
169,Hélice de Alumínio 1674,220,Tinta Antifouling 5225,3,0.03125,5.9994762569832405,8.729812309035356e-05
170,Bateria Náutica 834,132,Tinta Antifouling 7287,4,0.018779342723004695,6.0882274780760035,0.00011639749745380474
170,Bateria Náutica 834,359,Hélice de Alumínio 8562,3,0.014084507042253521,5.563380281690141,8.729812309035356e-05
170,Bateria Náutica 834,248,Tinta Antifouling 3953,3,0.014084507042253521,4.7922186584855675,8.729812309035356e-05
170,Bateria Náutica 834,372,Vela Mestra 500,3,0.014084507042253521,4.360487247811192,8.729812309035356e-05
170,Bateria Náutica 834,25,Bússola de Bordo 799,3,0.014084507042253521,4.2833104823632056,8.729812309035356e-05
171,Motor de Popa 6225,13,GPS Plotter 7021,5,0.016025641025641024,6.051880811496196,0.00014549687181725592
171,Motor de Popa 6225,119,Motor de Popa 2911,5,0.016025641025641024,5.006555944055944,0.00014549687181725592
171,Motor de Popa 6225,287,Âncora Bruce 4980,4,0.01282051282051282,4.495682888540031,0.00011639749745380474
171,Motor de Popa 6225,38,Sonar Transducer 7290,4,0.01282051282051282,4.277445855115758,0.00011639749745380474
171,Motor de Popa 6225,155,Bateria Náutica 5487,4,0.01282051282051282,3.7656147271531886,0.00011639749745380474
172,Defensa Náutica 2684,79,Sonar Transducer 5255,2,0.021505376344086023,8.21146953405018,5.819874872690237e-05
172,Defensa Náutica 2684,396,Bússola de Bordo 8014,2,0.021505376344086023,7.862045298558682,5.819874872690237e-05
172,Defensa Náutica 2684,398,Âncora Bruce 4713,2,0.021505376344086023,7.464972303681982,5.819874872690237e-05
172,Defensa Náutica 2684,404,Bússola de Bordo 679,2,0.021505376344086023,7.106079404466501,5.819874872690237e-05
172,Defensa Náutica 2684,292,Vela Mestra 7242,2,0.021505376344086023,6.482739105829089,5.819874872690237e-05
173,Bateria Náutica 2569,200,Tinta Antifouling 4777,3,0.014218009478672985,5.36925160147909,8.729812309035356e-05
173,Bateria Náutica 2569,107,Tinta Antifouling 5097,3,0.014218009478672985,4.4018188804918665,8.729812309035356e-05
173,Bateria Náutica 2569,19,Âncora Bruce 4405,5,0.023696682464454975,3.8231760229624188,0.00014549687181725592
173,Bateria Náutica 2569,4,Sonar Transducer 9933,4,0.018957345971563982,3.7440758293838865,0.00011639749745380474
173,Bateria Náutica 2569,463,Motor de Popa 8671,2,0.009478672985781991,3.7440758293838865,5.819874872690237e-05
174,Bússola de Bordo 755,461,Colete Salva-Vidas 3259,5,0.01607717041800643,5.212188315233877,0.00014549687181725592
174,Bússola de Bordo 755,402,Tinta Antifouling 3241,4,0.012861736334405145,4.857072188261899,0.00011639749745380474
174,Bússola de Bordo 755,319,Defensa Náutica 8553,4,0.012861736334405145,4.4645815063821495,0.00011639749745380474
174,Bússola de Bordo 755,398,Âncora Bruce 4713,4,0.012861736334405145,4.4645815063821495,0.00011639749745380474
174,Bússola de Bordo 755,186,Motor de Popa 4710,3,0.00964630225080386,3.8102893890675245,8.729812309035356e-05
175,Hélice de Alumínio 7706,198,Hélice de Alumínio 8067,5,0.024630541871921183,3.9552736982643526,0.00014549687181725592
175,Hélice de Alumínio 7706,317,Defensa Náutica 3153,2,0.009852216748768473,3.8474025974025974,5.819874872690237e-05
175,Hélice de Alumínio 7706,307,Vela Mestra 6857,2,0.009852216748768473,3.761904761904762,5.819874872690237e-05
175,Hélice de Alumínio 7706,290,Defensa Náutica 6113,4,0.019704433497536946,3.720565149136578,0.00011639749745380474
175,Hélice de Alumínio 7706,200,Tinta Antifouling 4777,2,0.009852216748768473,3.720565149136578,5.819874872690237e-05
176,Vela Mestra 1834,336,Bateria Náutica 2400,4,0.011976047904191617,4.242854497191185,0.00011639749745380474
176,Vela Mestra 1834,99,Âncora Bruce 2417,4,0.011976047904191617,3.9195893926432848,0.00011639749745380474
176,Vela Mestra 1834,193,Cabo Náutico 8225,3,0.008982035928143712,3.1496700476597823,8.729812309035356e-05
176,Vela Mestra 1834,349,Bateria Náutica 5090,3,0.008982035928143712,3.117855198693522,8.729812309035356e-05
176,Vela Mestra 1834,248,Tinta Antifouling 3953,3,0.008982035928143712,3.0561154917886997,8.729812309035356e-05
177,GPS Plotter 8413,483,Defensa Náutica 9695,8,0.03065134099616858,5.374149659863945,0.00023279499490760948
177,GPS Plotter 8413,452,Tinta Antifouling 4641,4,0.01532567049808429,5.266666666666667,0.00011639749745380474
177,GPS Plotter 8413,403,Vela Mestra 807,3,0.011494252873563218,4.593023255813954,8.729812309035356e-05
177,GPS Plotter 8413,402,Tinta Antifouling 3241,3,0.011494252873563218,4.340659340659341,8.729812309035356e-05
177,GPS Plotter 8413,13,GPS Plotter 7021,3,0.011494252873563218,4.340659340659341,8.729812309035356e-05
178,Cabo Náutico 6215,215,Âncora Bruce 3775,3,0.016129032258064516,5.180132649984926,8.729812309035356e-05
178,Cabo Náutico 6215,12,Cabo Náutico 8028,3,0.016129032258064516,4.296699174793698,8.729812309035356e-05
178,Cabo Náutico 6215,13,GPS Plotter 7021,2,0.010752688172043012,4.060616802552287,5.819874872690237e-05
178,Cabo Náutico 6215,169,Hélice de Alumínio 1674,2,0.010752688172043012,3.8491263440860215,5.819874872690237e-05
178,Cabo Náutico 6215,99,Âncora Bruce 2417,2,0.010752688172043012,3.5192012288786483,5.819874872690237e-05
179,Bateria Náutica 4055,112,Âncora Bruce 7692,3,0.014150943396226415,4.587709149163404,8.729812309035356e-05
179,Bateria Náutica 4055,26,Bússola de Bordo 3795,4,0.018867924528301886,3.448916097952629,0.00011639749745380474
179,Bateria Náutica 4055,190,GPS Plotter 3107,6,0.02830188679245283,3.27472841623785,0.00017459624618070712
179,Bateria Náutica 4055,452,Tinta Antifouling 4641,2,0.009433962264150943,3.241981132075472,5.819874872690237e-05
179,Bateria Náutica 4055,138,Cabo Náutico 3217,4,0.018867924528301886,3.225851872711912,0.00011639749745380474
180,Motor de Popa 1949,282,Cabo Náutico 8086,4,0.013333333333333334,4.980434782608696,0.00011639749745380474
180,Motor de Popa 1949,458,Sonar Transducer 9222,4,0.013333333333333334,4.242592592592593,0.00011639749745380474
180,Motor de Popa 1949,137,Motor de Popa 8544,4,0.013333333333333334,3.8504201680672274,0.00011639749745380474
180,Motor de Popa 1949,478,Tinta Antifouling 3290,3,0.01,3.6173684210526313,8.729812309035356e-05
180,Motor de Popa 1949,423,GPS Plotter 5583,3,0.01,3.471212121212121,8.729812309035356e-05
181,Bateria Náutica 7848,30,Colete Salva-Vidas 8612,3,0.013761467889908258,5.629914809960681,8.729812309035356e-05
181,Bateria Náutica 7848,478,Tinta Antifouling 3290,3,0.013761467889908258,4.978029937228392,8.729812309035356e-05
181,Bateria Náutica 7848,332,Bateria Náutica 9527,3,0.013761467889908258,4.729128440366973,8.729812309035356e-05
181,Bateria Náutica 7848,437,Hélice de Alumínio 728,3,0.013761467889908258,3.9409403669724776,8.729812309035356e-05
181,Bateria Náutica 7848,17,GPS Plotter 3436,5,0.022935779816513763,3.8636670264436055,0.00014549687181725592
182,Vela Mestra 3395,270,Defensa Náutica 8531,2,0.011627906976744186,4.5408298097251585,5.819874872690237e-05
182,Vela Mestra 3395,365,Sonar Transducer 455,2,0.011627906976744186,4.119515703668185,5.819874872690237e-05
182,Vela Mestra 3395,480,Hélice de Alumínio 4260,2,0.011627906976744186,4.119515703668185,5.819874872690237e-05
182,Vela Mestra 3395,319,Defensa Náutica 8553,2,0.011627906976744186,4.036293164200141,5.819874872690237e-05
182,Vela Mestra 3395,163,Defensa Náutica 1277,2,0.011627906976744186,4.036293164200141,5.819874872690237e-05
183,Cabo Náutico 394,48,Bússola de Bordo 6684,3,0.013215859030837005,4.730864537444934,8.729812309035356e-05
183,Cabo Náutico 394,193,Cabo Náutico 8225,3,0.013215859030837005,4.634316281578711,8.729812309035356e-05
183,Cabo Náutico 394,488,Bateria Náutica 9984,5,0.022026431718061675,4.205212922173275,0.00014549687181725592
183,Cabo Náutico 394,241,Defensa Náutica 5179,3,0.013215859030837005,3.8488389457179126,8.729812309035356e-05
183,Cabo Náutico 394,113,Hélice de Alumínio 1281,3,0.013215859030837005,3.8488389457179126,8.729812309035356e-05
184,Tinta Antifouling 8753,105,Defensa Náutica 1200,3,0.027777777777777776,9.09126984126984,8.729812309035356e-05
184,Tinta Antifouling 8753,472,Defensa Náutica 9030,2,0.018518518518518517,7.486928104575163,5.819874872690237e-05
184,Tinta Antifouling 8753,365,Sonar Transducer 455,2,0.018518518518518517,6.560710194730813,5.819874872690237e-05
184,Tinta Antifouling 8753,314,Tinta Antifouling 2982,2,0.018518518518518517,6.003668763102725,5.819874872690237e-05
184,Tinta Antifouling 8753,419,Defensa Náutica 9143,2,0.018518518518518517,5.838430173292559,5.819874872690237e-05
185,Motor de Popa 2690,402,Tinta Antifouling 3241,2,0.017241379310344827,6.510989010989011,5.819874872690237e-05
185,Motor de Popa 2690,324,Colete Salva-Vidas 5603,2,0.017241379310344827,5.866336633663367,5.819874872690237e-05
185,Motor de Popa 2690,157,Bússola de Bordo 1248,2,0.017241379310344827,5.386363636363637,5.819874872690237e-05
185,Motor de Popa 2690,107,Tinta Antifouling 5097,2,0.017241379310344827,5.337837837837838,5.819874872690237e-05
185,Motor de Popa 2690,437,Hélice de Alumínio 728,2,0.017241379310344827,4.9375,5.819874872690237e-05
186,Motor de Popa 4710,478,Tinta Antifouling 3290,2,0.022988505747126436,8.31578947368421,5.819874872690237e-05
186,Motor de Popa 4710,218,Bússola de Bordo 4059,2,0.022988505747126436,7.97979797979798,5.819874872690237e-05
186,Motor de Popa 4710,319,Defensa Náutica 8553,2,0.022988505747126436,7.97979797979798,5.819874872690237e-05
186,Motor de Popa 4710,398,Âncora Bruce 4713,2,0.022988505747126436,7.97979797979798,5.819874872690237e-05
186,Motor de Popa 4710,404,Bússola de Bordo 679,2,0.022988505747126436,7.596153846153846,5.819874872690237e-05
187,asdf,163,Defensa Náutica 1277,4,0.0125,4.339015151515152,0.00011639749745380474
187,asdf,240,Bússola de Bordo 702,4,0.0125,4.253094059405941,0.00011639749745380474
187,asdf,246,Motor de Popa 1365,3,0.009375,3.5796875,8.729812309035356e-05
187,asdf,478,Tinta Antifouling 3290,3,0.009375,3.391282894736842,8.729812309035356e-05
187,asdf,165,GPS Plotter 6840,7,0.021875,3.3410416666666665,0.0002036956205441583
188,Sonar Transducer 9366,427,Âncora Bruce 5445,3,0.009523809523809525,3.5192012288786483,8.729812309035356e-05
188,Sonar Transducer 9366,193,Cabo Náutico 8225,3,0.009523809523809525,3.339650145772595,8.729812309035356e-05
188,Sonar Transducer 9366,236,Bateria Náutica 9272,3,0.009523809523809525,3.2086834733893563,8.729812309035356e-05
188,Sonar Transducer 9366,495,Sonar Transducer 4154,3,0.009523809523809525,3.17753120665742,8.729812309035356e-05
188,Sonar Transducer 9366,28,Colete Salva-Vidas 1890,6,0.01904761904761905,3.1170068027210887,0.00017459624618070712
189,Cabo Náutico 8341,314,Tinta Antifouling 2982,3,0.03296703296703297,10.687849885963093,8.729812309035356e-05
189,Cabo Náutico 8341,325,Âncora Bruce 5388,2,0.02197802197802198,7.867445054945056,5.819874872690237e-05
189,Cabo Náutico 8341,336,Bateria Náutica 2400,2,0.02197802197802198,7.786337373966241,5.819874872690237e-05
189,Cabo Náutico 8341,207,Tinta Antifouling 179,2,0.02197802197802198,7.262256973795435,5.819874872690237e-05
189,Cabo Náutico 8341,215,Âncora Bruce 3775,2,0.02197802197802198,7.058642292287153,5.819874872690237e-05
190,GPS Plotter 3107,252,Defensa Náutica 9558,4,0.013468013468013467,4.45027195027195,0.00011639749745380474
190,GPS Plotter 3107,371,Motor de Popa 4088,4,0.013468013468013467,4.407888407888407,0.00011639749745380474
190,GPS Plotter 3107,72,Motor de Popa 9771,4,0.013468013468013467,4.2075298438934805,0.00011639749745380474
190,GPS Plotter 3107,186,Motor de Popa 4710,3,0.010101010101010102,3.98989898989899,8.729812309035356e-05
190,GPS Plotter 3107,317,Defensa Náutica 3153,3,0.010101010101010102,3.944559228650138,8.729812309035356e-05
191,Bússola de Bordo 8959,395,Vela Mestra 9165,4,0.012121212121212121,4.165454545454546,0.00011639749745380474
191,Bússola de Bordo 8959,197,Motor de Popa 2175,7,0.021212121212121213,3.6815886134067957,0.0002036956205441583
191,Bússola de Bordo 8959,169,Hélice de Alumínio 1674,3,0.00909090909090909,3.2542613636363633,8.729812309035356e-05
191,Bússola de Bordo 8959,401,Bússola de Bordo 4473,5,0.015151515151515152,2.7260828177058545,0.00014549687181725592
191,Bússola de Bordo 8959,137,Motor de Popa 8544,3,0.00909090909090909,2.625286478227655,8.729812309035356e-05
192,GPS Plotter 649,132,Tinta Antifouling 7287,3,0.015384615384615385,4.98766328011611,8.729812309035356e-05
192,GPS Plotter 649,300,GPS Plotter 7543,3,0.015384615384615385,4.518737672583827,8.729812309035356e-05
192,GPS Plotter 649,42,Tinta Antifouling 503,3,0.015384615384615385,4.36935791481246,8.729812309035356e-05
192,GPS Plotter 649,494,Motor de Popa 4783,3,0.015384615384615385,4.263647642679901,8.729812309035356e-05
192,GPS Plotter 649,347,Bússola de Bordo 9956,2,0.010256410256410256,4.098389982110912,5.819874872690237e-05
193,Cabo Náutico 8225,458,Sonar Transducer 9222,3,0.030612244897959183,9.740646258503402,8.729812309035356e-05
193,Cabo Náutico 8225,427,Âncora Bruce 5445,2,0.02040816326530612,7.541145490454245,5.819874872690237e-05
193,Cabo Náutico 8225,104,Bússola de Bordo 7303,2,0.02040816326530612,6.943827035764801,5.819874872690237e-05
193,Cabo Náutico 8225,358,Motor de Popa 553,2,0.02040816326530612,6.616288024643819,5.819874872690237e-05
193,Cabo Náutico 8225,292,Vela Mestra 7242,2,0.02040816326530612,6.151987110633726,5.819874872690237e-05
194,Hélice de Alumínio 7846,197,Motor de Popa 2175,6,0.031746031746031744,5.50986050986051,0.00017459624618070712
194,Hélice de Alumínio 7846,10,Colete Salva-Vidas 6199,3,0.015873015873015872,5.295885344429033,8.729812309035356e-05
194,Hélice de Alumínio 7846,38,Sonar Transducer 7290,3,0.015873015873015872,5.295885344429033,8.729812309035356e-05
194,Hélice de Alumínio 7846,105,Defensa Náutica 1200,3,0.015873015873015872,5.19501133786848,8.729812309035356e-05
194,Hélice de Alumínio 7846,157,Bússola de Bordo 1248,3,0.015873015873015872,4.958874458874459,8.729812309035356e-05
195,Bateria Náutica 4683,359,Hélice de Alumínio 8562,4,0.013245033112582781,5.231788079470198,0.00011639749745380474
195,Bateria Náutica 4683,139,Sonar Transducer 7171,4,0.013245033112582781,4.506589731820864,0.00011639749745380474
195,Bateria Náutica 4683,236,Bateria Náutica 9272,4,0.013245033112582781,4.462407479548111,0.00011639749745380474
195,Bateria Náutica 4683,330,Bússola de Bordo 4659,3,0.009933774834437087,3.879251956652619,8.729812309035356e-05
195,Bateria Náutica 4683,163,Defensa Náutica 1277,3,0.009933774834437087,3.4482239614689947,8.729812309035356e-05
196,Colete Salva-Vidas 9616,226,Hélice de Alumínio 3756,4,0.02072538860103627,6.08741862627873,0.00011639749745380474
196,Colete Salva-Vidas 9616,142,Cabo Náutico 3932,3,0.015544041450777202,5.622852467957458,8.729812309035356e-05
196,Colete Salva-Vidas 9616,449,Bússola de Bordo 8282,3,0.015544041450777202,5.236970435842731,8.729812309035356e-05
196,Colete Salva-Vidas 9616,225,Âncora Bruce 7480,3,0.015544041450777202,5.186126062679209,8.729812309035356e-05
196,Colete Salva-Vidas 9616,282,Cabo Náutico 8086,2,0.010362694300518135,3.870804235188106,5.819874872690237e-05
197,Motor de Popa 2175,194,Hélice de Alumínio 7846,6,0.030303030303030304,5.50986050986051,0.00017459624618070712
197,Motor de Popa 2175,452,Tinta Antifouling 4641,3,0.015151515151515152,5.206818181818182,8.729812309035356e-05
197,Motor de Popa 2175,225,Âncora Bruce 7480,3,0.015151515151515152,5.055163283318623,8.729812309035356e-05
197,Motor de Popa 2175,489,Defensa Náutica 9755,3,0.015151515151515152,4.733471074380166,8.729812309035356e-05
197,Motor de Popa 2175,463,Motor de Popa 8671,2,0.010101010101010102,3.98989898989899,5.819874872690237e-05
198,Hélice de Alumínio 8067,97,Motor de Popa 5396,5,0.02336448598130841,4.2037725693594945,0.00014549687181725592
198,Hélice de Alumínio 8067,129,Defensa Náutica 4517,5,0.02336448598130841,4.181877920560748,0.00014549687181725592
198,Hélice de Alumínio 8067,175,Hélice de Alumínio 7706,5,0.02336448598130841,3.9552736982643526,0.00014549687181725592
198,Hélice de Alumínio 8067,360,Bateria Náutica 2558,3,0.014018691588785047,3.9487896430212963,8.729812309035356e-05
198,Hélice de Alumínio 8067,467,Colete Salva-Vidas 2345,2,0.009345794392523364,3.8234312416555403,5.819874872690237e-05
199,Colete Salva-Vidas 2755,38,Sonar Transducer 7290,2,0.018691588785046728,6.236276199981852,5.819874872690237e-05
199,Colete Salva-Vidas 2755,54,Colete Salva-Vidas 6302,2,0.018691588785046728,6.059777816963498,5.819874872690237e-05
199,Colete Salva-Vidas 2755,487,Bússola de Bordo 5643,2,0.018691588785046728,5.8394222599830075,5.819874872690237e-05
199,Colete Salva-Vidas 2755,113,Hélice de Alumínio 1281,2,0.018691588785046728,5.443529225407888,5.819874872690237e-05
199,Colete Salva-Vidas 2755,134,Cabo Náutico 5788,3,0.028037383177570093,5.208133367011872,8.729812309035356e-05
200,Tinta Antifouling 4777,246,Motor de Popa 1365,2,0.02197802197802198,8.391941391941392,5.819874872690237e-05
200,Tinta Antifouling 4777,376,Defensa Náutica 7831,2,0.02197802197802198,7.95026026604974,5.819874872690237e-05
200,Tinta Antifouling 4777,445,Hélice de Alumínio 9779,3,0.03296703296703297,5.962695199537305,8.729812309035356e-05
200,Tinta Antifouling 4777,47,Motor de Popa 5561,3,0.03296703296703297,5.5534906270200395,8.729812309035356e-05
200,Tinta Antifouling 4777,173,Bateria Náutica 2569,3,0.03296703296703297,5.36925160147909,8.729812309035356e-05
201,Sonar Transducer 2387,215,Âncora Bruce 3775,3,0.014705882352941176,4.7230621220450795,8.729812309035356e-05
201,Sonar Transducer 2387,351,GPS Plotter 845,5,0.024509803921568627,4.010854341736694,0.00014549687181725592
201,Sonar Transducer 2387,359,Hélice de Alumínio 8562,2,0.00980392156862745,3.872549019607843,5.819874872690237e-05
201,Sonar Transducer 2387,463,Motor de Popa 8671,2,0.00980392156862745,3.872549019607843,5.819874872690237e-05
201,Sonar Transducer 2387,136,Colete Salva-Vidas 9822,2,0.00980392156862745,3.7855254461335095,5.819874872690237e-05
202,Cabo Náutico 5453,419,Defensa Náutica 9143,4,0.020512820512820513,6.467184191954834,0.00011639749745380474
202,Cabo Náutico 5453,169,Hélice de Alumínio 1674,3,0.015384615384615385,5.507211538461538,8.729812309035356e-05
202,Cabo Náutico 5453,94,Tinta Antifouling 569,3,0.015384615384615385,5.234577303884235,8.729812309035356e-05
202,Cabo Náutico 5453,418,Tinta Antifouling 6959,3,0.015384615384615385,5.035164835164835,8.729812309035356e-05
202,Cabo Náutico 5453,380,Sonar Transducer 8538,3,0.015384615384615385,4.895299145299146,8.729812309035356e-05
203,Sonar Transducer 1690,207,Tinta Antifouling 179,4,0.012779552715654952,4.2227820103219464,0.00011639749745380474
203,Sonar Transducer 1690,336,Bateria Náutica 2400,3,0.009584664536741214,3.39563914232074,8.729812309035356e-05
203,Sonar Transducer 1690,425,Bateria Náutica 2254,6,0.019169329073482427,3.1073301585387907,0.00017459624618070712
203,Sonar Transducer 1690,461,Colete Salva-Vidas 3259,3,0.009584664536741214,3.1073301585387907,8.729812309035356e-05
203,Sonar Transducer 1690,58,Sonar Transducer 3832,6,0.019169329073482427,3.0218073101386405,0.00017459624618070712
204,Sonar Transducer 7487,207,Tinta Antifouling 179,4,0.013745704467353952,4.54203013481364,0.00011639749745380474
204,Sonar Transducer 7487,132,Tinta Antifouling 7287,4,0.013745704467353952,4.456331453024704,0.00011639749745380474
204,Sonar Transducer 7487,264,Bateria Náutica 1358,10,0.03436426116838488,3.6561233283329613,0.00029099374363451185
204,Sonar Transducer 7487,332,Bateria Náutica 9527,3,0.010309278350515464,3.542783505154639,8.729812309035356e-05
204,Sonar Transducer 7487,397,GPS Plotter 3411,3,0.010309278350515464,3.40652260111023,8.729812309035356e-05
205,Cabo Náutico 6267,104,Bússola de Bordo 7303,3,0.014423076923076924,4.90741622239147,8.729812309035356e-05
205,Cabo Náutico 6267,434,Defensa Náutica 5998,3,0.014423076923076924,4.720467032967033,8.729812309035356e-05
205,Cabo Náutico 6267,347,Bússola de Bordo 9956,2,0.009615384615384616,3.8422406082289804,5.819874872690237e-05
205,Cabo Náutico 6267,136,Colete Salva-Vidas 9822,2,0.009615384615384616,3.7127268798617115,5.819874872690237e-05
205,Cabo Náutico 6267,73,Hélice de Alumínio 3700,7,0.03365384615384615,3.5916596989966556,0.0002036956205441583
206,Âncora Bruce 6320,448,Bateria Náutica 6898,3,0.013333333333333334,5.206818181818182,8.729812309035356e-05
206,Âncora Bruce 6320,145,Sonar Transducer 1176,5,0.022222222222222223,3.7619047619047623,0.00014549687181725592
206,Âncora Bruce 6320,297,Tinta Antifouling 9136,5,0.022222222222222223,3.5852895148669797,0.00014549687181725592
206,Âncora Bruce 6320,347,Bússola de Bordo 9956,2,0.008888888888888889,3.551937984496124,5.819874872690237e-05
206,Âncora Bruce 6320,56,Sonar Transducer 4571,2,0.008888888888888889,3.551937984496124,5.819874872690237e-05
207,Tinta Antifouling 179,56,Sonar Transducer 4571,2,0.019230769230769232,7.684481216457961,5.819874872690237e-05
207,Tinta Antifouling 179,359,Hélice de Alumínio 8562,2,0.019230769230769232,7.596153846153847,5.819874872690237e-05
207,Tinta Antifouling 179,189,Cabo Náutico 8341,2,0.019230769230769232,7.262256973795436,5.819874872690237e-05
207,Tinta Antifouling 179,282,Cabo Náutico 8086,2,0.019230769230769232,7.183319397993312,5.819874872690237e-05
207,Tinta Antifouling 179,492,Bateria Náutica 4361,4,0.038461538461538464,6.416168782673637,0.00011639749745380474
208,Motor de Popa 9560,404,Bússola de Bordo 679,3,0.01507537688442211,4.981397371472748,8.729812309035356e-05
208,Motor de Popa 9560,276,GPS Plotter 4567,5,0.02512562814070352,4.7703989561065,0.00014549687181725592
208,Motor de Popa 9560,119,Motor de Popa 2911,3,0.01507537688442211,4.7096847875742345,8.729812309035356e-05
208,Motor de Popa 9560,155,Bateria Náutica 5487,3,0.01507537688442211,4.427908774642443,8.729812309035356e-05
208,Motor de Popa 9560,280,Defensa Náutica 7532,2,0.010050251256281407,3.880639150810231,5.819874872690237e-05
209,Cabo Náutico 7626,39,Bateria Náutica 3427,6,0.056074766355140186,9.309223892726534,0.00017459624618070712
209,Cabo Náutico 7626,151,Hélice de Alumínio 7225,2,0.018691588785046728,6.761436301032956,5.819874872690237e-05
209,Cabo Náutico 7626,61,Tinta Antifouling 693,2,0.018691588785046728,6.622025243279698,5.819874872690237e-05
209,Cabo Náutico 7626,287,Âncora Bruce 4980,2,0.018691588785046728,6.554453557123783,5.819874872690237e-05
209,Cabo Náutico 7626,332,Bateria Náutica 9527,2,0.018691588785046728,6.423364485981308,5.819874872690237e-05
210,João da Silva,385,GPS Plotter 5137,3,0.015384615384615385,5.340326340326341,8.729812309035356e-05
210,João da Silva,499,Âncora Bruce 3938,3,0.015384615384615385,5.083579881656805,8.729812309035356e-05
210,João da Silva,43,Defensa Náutica 9513,8,0.041025641025641026,4.607340372046254,0.00023279499490760948
210,João da Silva,270,Defensa Náutica 8531,2,0.010256410256410256,4.005244755244755,5.819874872690237e-05
210,João da Silva,122,Vela Mestra 7742,2,0.010256410256410256,3.633624107850912,5.819874872690237e-05
211,Cabo Náutico 9796,79,Sonar Transducer 5255,2,0.022222222222222223,8.485185185185186,5.819874872690237e-05
211,Cabo Náutico 9796,169,Hélice de Alumínio 1674,2,0.022222222222222223,7.954861111111112,5.819874872690237e-05
211,Cabo Náutico 9796,415,Bateria Náutica 6140,2,0.022222222222222223,6.6988304093567255,5.819874872690237e-05
211,Cabo Náutico 9796,226,Hélice de Alumínio 3756,2,0.022222222222222223,6.527065527065528,5.819874872690237e-05
211,Cabo Náutico 9796,297,Tinta Antifouling 9136,3,0.03333333333333333,5.377934272300469,8.729812309035356e-05
212,Sonar Transducer 594,390,Defensa Náutica 3955,4,0.018867924528301886,6.059777816963498,0.00011639749745380474
212,Sonar Transducer 594,164,Bateria Náutica 2738,6,0.02830188679245283,5.257266700662927,0.00017459624618070712
212,Sonar Transducer 594,306,Cabo Náutico 9175,4,0.018867924528301886,3.448916097952629,0.00011639749745380474
212,Sonar Transducer 594,142,Cabo Náutico 3932,2,0.009433962264150943,3.4126117179741806,5.819874872690237e-05
212,Sonar Transducer 594,336,Bateria Náutica 2400,2,0.009433962264150943,3.3422485897685275,5.819874872690237e-05
213,Tinta Antifouling 8939,105,Defensa Náutica 1200,3,0.014634146341463415,4.789547038327526,8.729812309035356e-05
213,Tinta Antifouling 8939,381,Cabo Náutico 9083,5,0.024390243902439025,4.190853658536586,0.00014549687181725592
213,Tinta Antifouling 8939,463,Motor de Popa 8671,2,0.00975609756097561,3.8536585365853657,5.819874872690237e-05
213,Tinta Antifouling 8939,353,Cabo Náutico 2862,2,0.00975609756097561,3.5666839647119875,5.819874872690237e-05
213,Tinta Antifouling 8939,296,Vela Mestra 9794,2,0.00975609756097561,3.529139922978177,5.819874872690237e-05
214,Hélice de Alumínio 8208,499,Âncora Bruce 3938,3,0.014354066985645933,4.743052999631947,8.729812309035356e-05
214,Hélice de Alumínio 8208,69,Motor de Popa 2195,2,0.009569377990430622,3.9149008885850987,5.819874872690237e-05
214,Hélice de Alumínio 8208,8,Cabo Náutico 1373,2,0.009569377990430622,3.736950848194867,5.819874872690237e-05
214,Hélice de Alumínio 8208,57,Vela Mestra 6445,6,0.028708133971291867,3.3556293330729416,0.00017459624618070712
214,Hélice de Alumínio 8208,218,Bússola de Bordo 4059,2,0.009569377990430622,3.3217340872843266,5.819874872690237e-05
215,Âncora Bruce 3775,189,Cabo Náutico 8341,2,0.018691588785046728,7.058642292287152,5.819874872690237e-05
215,Âncora Bruce 3775,151,Hélice de Alumínio 7225,2,0.018691588785046728,6.761436301032956,5.819874872690237e-05
215,Âncora Bruce 3775,489,Defensa Náutica 9755,2,0.018691588785046728,5.8394222599830075,5.819874872690237e-05
215,Âncora Bruce 3775,415,Bateria Náutica 6140,2,0.018691588785046728,5.634530250860796,5.819874872690237e-05
215,Âncora Bruce 3775,178,Cabo Náutico 6215,3,0.028037383177570093,5.180132649984926,8.729812309035356e-05
216,Âncora Bruce 1018,252,Defensa Náutica 9558,4,0.0125,4.130408653846154,0.00011639749745380474
216,Âncora Bruce 1018,365,Sonar Transducer 455,3,0.009375,3.321359536082474,8.729812309035356e-05
216,Âncora Bruce 1018,104,Bússola de Bordo 7303,3,0.009375,3.1898205445544554,8.729812309035356e-05
216,Âncora Bruce 1018,236,Bateria Náutica 9272,3,0.009375,3.158547794117647,8.729812309035356e-05
216,Âncora Bruce 1018,449,Bússola de Bordo 8282,3,0.009375,3.158547794117647,8.729812309035356e-05
217,Bateria Náutica 5611,499,Âncora Bruce 3938,3,0.014150943396226415,4.675934325108853,8.729812309035356e-05
217,Bateria Náutica 5611,132,Tinta Antifouling 7287,3,0.014150943396226415,4.587709149163404,8.729812309035356e-05
217,Bateria Náutica 5611,419,Defensa Náutica 9143,3,0.014150943396226415,4.461441924874502,8.729812309035356e-05
217,Bateria Náutica 5611,335,Vela Mestra 8049,7,0.0330188679245283,3.926274727427042,0.0002036956205441583
217,Bateria Náutica 5611,448,Bateria Náutica 6898,2,0.009433962264150943,3.684069468267581,5.819874872690237e-05
218,Bússola de Bordo 4059,314,Tinta Antifouling 2982,3,0.030303030303030304,9.824185248713551,8.729812309035356e-05
218,Bússola de Bordo 4059,186,Motor de Popa 4710,2,0.020202020202020204,7.97979797979798,5.819874872690237e-05
218,Bússola de Bordo 4059,57,Vela Mestra 6445,6,0.06060606060606061,7.084106369820655,0.00017459624618070712
218,Bússola de Bordo 4059,449,Bússola de Bordo 8282,2,0.020202020202020204,6.806298276886513,5.819874872690237e-05
218,Bússola de Bordo 4059,393,Hélice de Alumínio 2428,2,0.020202020202020204,6.488246955536676,5.819874872690237e-05
219,Colete Salva-Vidas 502,395,Vela Mestra 9165,4,0.012422360248447204,4.268944099378881,0.00011639749745380474
219,Colete Salva-Vidas 502,325,Âncora Bruce 5388,3,0.009316770186335404,3.3351125776397517,8.729812309035356e-05
219,Colete Salva-Vidas 502,48,Bússola de Bordo 6684,3,0.009316770186335404,3.3351125776397517,8.729812309035356e-05
219,Colete Salva-Vidas 502,15,Bússola de Bordo 6287,3,0.009316770186335404,3.170007994588279,8.729812309035356e-05
219,Colete Salva-Vidas 502,175,Hélice de Alumínio 7706,6,0.018633540372670808,3.1543921916592725,0.00017459624618070712
220,Tinta Antifouling 5225,79,Sonar Transducer 5255,4,0.0223463687150838,8.532588454376164,0.00011639749745380474
220,Tinta Antifouling 5225,169,Hélice de Alumínio 1674,3,0.01675977653631285,5.99947625698324,8.729812309035356e-05
220,Tinta Antifouling 5225,287,Âncora Bruce 4980,2,0.0111731843575419,3.9180253106829324,5.819874872690237e-05
220,Tinta Antifouling 5225,452,Tinta Antifouling 4641,2,0.0111731843575419,3.839664804469274,5.819874872690237e-05
220,Tinta Antifouling 5225,397,GPS Plotter 3411,2,0.0111731843575419,3.691985388912763,5.819874872690237e-05
221,Sonar Transducer 4498,403,Vela Mestra 807,2,0.016666666666666666,6.659883720930233,5.819874872690237e-05
221,Sonar Transducer 4498,136,Colete Salva-Vidas 9822,2,0.016666666666666666,6.435393258426966,5.819874872690237e-05
221,Sonar Transducer 4498,27,Colete Salva-Vidas 7001,4,0.03333333333333333,6.22554347826087,0.00011639749745380474
221,Sonar Transducer 4498,151,Hélice de Alumínio 7225,2,0.016666666666666666,6.028947368421052,5.819874872690237e-05
221,Sonar Transducer 4498,452,Tinta Antifouling 4641,2,0.016666666666666666,5.7275,5.819874872690237e-05
222,GPS Plotter 4088,136,Colete Salva-Vidas 9822,3,0.010238907849829351,3.953483913026805,8.729812309035356e-05
222,GPS Plotter 4088,163,Defensa Náutica 1277,3,0.010238907849829351,3.5541421036301584,8.729812309035356e-05
222,GPS Plotter 4088,452,Tinta Antifouling 4641,3,0.010238907849829351,3.5186006825938567,8.729812309035356e-05
222,GPS Plotter 4088,298,Motor de Popa 2640,6,0.020477815699658702,3.4666016577279377,0.00017459624618070712
222,GPS Plotter 4088,263,Tinta Antifouling 3557,3,0.010238907849829351,3.4496085123469182,8.729812309035356e-05
223,GPS Plotter 582,463,Motor de Popa 8671,4,0.014035087719298246,5.543859649122807,0.00011639749745380474
223,GPS Plotter 582,462,Hélice de Alumínio 1260,4,0.014035087719298246,4.507624200688637,0.00011639749745380474
223,GPS Plotter 582,30,Colete Salva-Vidas 8612,3,0.010526315789473684,4.306390977443608,8.729812309035356e-05
223,GPS Plotter 582,292,Vela Mestra 7242,4,0.014035087719298246,4.23084025854109,0.00011639749745380474
223,GPS Plotter 582,403,Vela Mestra 807,3,0.010526315789473684,4.206242350061199,8.729812309035356e-05
224,Tinta Antifouling 1614,415,Bateria Náutica 6140,4,0.020618556701030927,6.215409658166033,0.00011639749745380474
224,Tinta Antifouling 1614,461,Colete Salva-Vidas 3259,3,0.015463917525773196,5.013372884652791,8.729812309035356e-05
224,Tinta Antifouling 1614,400,Vela Mestra 4667,3,0.015463917525773196,4.621021963245181,8.729812309035356e-05
224,Tinta Antifouling 1614,437,Hélice de Alumínio 728,3,0.015463917525773196,4.4284793814432994,8.729812309035356e-05
224,Tinta Antifouling 1614,69,Motor de Popa 2195,2,0.010309278350515464,4.217599410898379,5.819874872690237e-05
225,Âncora Bruce 7480,349,Bateria Náutica 5090,2,0.019417475728155338,6.740217711091497,5.819874872690237e-05
225,Âncora Bruce 7480,452,Tinta Antifouling 4641,2,0.019417475728155338,6.672815533980582,5.819874872690237e-05
225,Âncora Bruce 7480,207,Tinta Antifouling 179,2,0.019417475728155338,6.416168782673636,5.819874872690237e-05
225,Âncora Bruce 7480,105,Defensa Náutica 1200,2,0.019417475728155338,6.3550624133148395,5.819874872690237e-05
225,Âncora Bruce 7480,380,Sonar Transducer 8538,2,0.019417475728155338,6.178532901833872,5.819874872690237e-05
226,Hélice de Alumínio 3756,495,Sonar Transducer 4154,3,0.02564102564102564,8.554891710231516,8.729812309035356e-05
226,Hélice de Alumínio 3756,347,Bússola de Bordo 9956,2,0.017094017094017096,6.830649970184854,5.819874872690237e-05
226,Hélice de Alumínio 3756,211,Cabo Náutico 9796,2,0.017094017094017096,6.527065527065528,5.819874872690237e-05
226,Hélice de Alumínio 3756,196,Colete Salva-Vidas 9616,4,0.03418803418803419,6.087418626278731,0.00011639749745380474
226,Hélice de Alumínio 3756,230,Bússola de Bordo 4361,2,0.017094017094017096,5.648422090729784,5.819874872690237e-05
227,Colete Salva-Vidas 3392,21,Âncora Bruce 6850,7,0.021538461538461538,3.795739644970414,0.0002036956205441583
227,Colete Salva-Vidas 3392,396,Bússola de Bordo 8014,3,0.009230769230769232,3.374631751227496,8.729812309035356e-05
227,Colete Salva-Vidas 3392,354,Bússola de Bordo 1372,3,0.009230769230769232,3.270261697065821,8.729812309035356e-05
227,Colete Salva-Vidas 3392,287,Âncora Bruce 4980,3,0.009230769230769232,3.236891679748823,8.729812309035356e-05
227,Colete Salva-Vidas 3392,499,Âncora Bruce 3938,3,0.009230769230769232,3.050147928994083,8.729812309035356e-05
228,Defensa Náutica 9651,457,Tinta Antifouling 8834,3,0.02857142857142857,8.464285714285714,8.729812309035356e-05
228,Defensa Náutica 9651,60,Vela Mestra 2410,2,0.01904761904761905,6.890225563909775,5.819874872690237e-05
228,Defensa Náutica 9651,142,Cabo Náutico 3932,2,0.01904761904761905,6.890225563909775,5.819874872690237e-05
228,Defensa Náutica 9651,97,Motor de Popa 5396,4,0.0380952380952381,6.854151084517577,0.00011639749745380474
228,Defensa Náutica 9651,10,Colete Salva-Vidas 6199,2,0.01904761904761905,6.35506241331484,5.819874872690237e-05
229,Bateria Náutica 5653,246,Motor de Popa 1365,3,0.010526315789473684,4.019298245614035,8.729812309035356e-05
229,Bateria Náutica 5653,339,Sonar Transducer 6256,3,0.010526315789473684,3.889643463497453,8.729812309035356e-05
229,Bateria Náutica 5653,320,Colete Salva-Vidas 7959,6,0.021052631578947368,3.5464396284829722,0.00017459624618070712
229,Bateria Náutica 5653,449,Bússola de Bordo 8282,3,0.010526315789473684,3.5464396284829722,8.729812309035356e-05
229,Bateria Náutica 5653,393,Hélice de Alumínio 2428,3,0.010526315789473684,3.380718150516478,8.729812309035356e-05
230,Bússola de Bordo 4361,72,Motor de Popa 9771,3,0.028846153846153848,9.0118006993007,8.729812309035356e-05
230,Bússola de Bordo 4361,94,Tinta Antifouling 569,2,0.019230769230769232,6.543221629855294,5.819874872690237e-05
230,Bússola de Bordo 4361,112,Âncora Bruce 7692,2,0.019230769230769232,6.2345791001451385,5.819874872690237e-05
230,Bússola de Bordo 4361,157,Bússola de Bordo 1248,2,0.019230769230769232,6.007867132867133,5.819874872690237e-05
230,Bússola de Bordo 4361,372,Vela Mestra 500,2,0.019230769230769232,5.9537422037422045,5.819874872690237e-05
231,GPS Plotter 6626,450,Hélice de Alumínio 290,7,0.02456140350877193,4.587242562929062,0.0002036956205441583
231,GPS Plotter 6626,452,Tinta Antifouling 4641,3,0.010526315789473684,3.617368421052632,8.729812309035356e-05
231,GPS Plotter 6626,418,Tinta Antifouling 6959,3,0.010526315789473684,3.445112781954887,8.729812309035356e-05
231,GPS Plotter 6626,487,Bússola de Bordo 5643,3,0.010526315789473684,3.2885167464114833,8.729812309035356e-05
231,GPS Plotter 6626,72,Motor de Popa 9771,3,0.010526315789473684,3.2885167464114833,8.729812309035356e-05
232,Hélice de Alumínio 5784,166,GPS Plotter 7150,4,0.011661807580174927,3.710722384191772,0.00011639749745380474
232,Hélice de Alumínio 5784,128,Cabo Náutico 7174,8,0.023323615160349854,3.484852326023577,0.00023279499490760948
232,Hélice de Alumínio 5784,42,Tinta Antifouling 503,4,0.011661807580174927,3.312049731344722,0.00011639749745380474
232,Hélice de Alumínio 5784,494,Motor de Popa 4783,4,0.011661807580174927,3.2319194959089623,0.00011639749745380474
232,Hélice de Alumínio 5784,38,Sonar Transducer 7290,3,0.008746355685131196,2.918140904073141,8.729812309035356e-05
233,Bateria Náutica 6163,271,Tinta Antifouling 5976,3,0.010830324909747292,3.836949644571811,8.729812309035356e-05
233,Bateria Náutica 6163,310,Vela Mestra 8489,6,0.021660649819494584,3.578693418494862,0.00017459624618070712
233,Bateria Náutica 6163,126,Hélice de Alumínio 9713,6,0.021660649819494584,3.5111709011647707,0.00017459624618070712
233,Bateria Náutica 6163,461,Colete Salva-Vidas 3259,3,0.010830324909747292,3.5111709011647707,8.729812309035356e-05
233,Bateria Náutica 6163,125,Âncora Bruce 9236,6,0.021660649819494584,3.323072460030944,0.00017459624618070712
234,Defensa Náutica 417,472,Defensa Náutica 9030,3,0.009615384615384616,3.887443438914027,8.729812309035356e-05
234,Defensa Náutica 417,344,Âncora Bruce 3286,7,0.022435897435897436,3.8744201778121377,0.0002036956205441583
234,Defensa Náutica 417,366,Bússola de Bordo 1762,10,0.03205128205128205,3.507778049975502,0.00029099374363451185
234,Defensa Náutica 417,296,Vela Mestra 9794,3,0.009615384615384616,3.478238866396761,8.729812309035356e-05
234,Defensa Náutica 417,478,Tinta Antifouling 3290,3,0.009615384615384616,3.478238866396761,8.729812309035356e-05
235,GPS Plotter 1842,107,Tinta Antifouling 5097,4,0.019230769230769232,5.9537422037422045,0.00011639749745380474
235,GPS Plotter 1842,326,Defensa Náutica 824,3,0.014423076923076924,4.90741622239147,8.729812309035356e-05
235,GPS Plotter 1842,51,Defensa Náutica 9969,3,0.014423076923076924,4.589342948717949,8.729812309035356e-05
235,GPS Plotter 1842,148,Colete Salva-Vidas 8269,3,0.014423076923076924,4.386274676650783,8.729812309035356e-05
235,GPS Plotter 1842,415,Bateria Náutica 6140,3,0.014423076923076924,4.347798582995951,8.729812309035356e-05
236,Bateria Náutica 9272,287,Âncora Bruce 4980,2,0.0196078431372549,6.875750300120048,5.819874872690237e-05
236,Bateria Náutica 9272,112,Âncora Bruce 7692,2,0.0196078431372549,6.356825749167592,5.819874872690237e-05
236,Bateria Náutica 9272,209,Cabo Náutico 7626,2,0.0196078431372549,6.297416162726773,5.819874872690237e-05
236,Bateria Náutica 9272,410,Vela Mestra 207,4,0.0392156862745098,5.989542483660131,0.00011639749745380474
236,Bateria Náutica 9272,126,Hélice de Alumínio 9713,3,0.029411764705882353,4.767619311875693,8.729812309035356e-05
237,Cabo Náutico 9307,207,Tinta Antifouling 179,4,0.013377926421404682,4.42050424491896,0.00011639749745380474
237,Cabo Náutico 9307,297,Tinta Antifouling 9136,7,0.023411371237458192,3.777144472184276,0.0002036956205441583
237,Cabo Náutico 9307,480,Hélice de Alumínio 4260,3,0.010033444816053512,3.5546322794193705,8.729812309035356e-05
237,Cabo Náutico 9307,247,Defensa Náutica 7459,6,0.020066889632107024,3.380385599055676,0.00017459624618070712
237,Cabo Náutico 9307,409,Hélice de Alumínio 9928,5,0.016722408026755852,3.073077817323341,0.00014549687181725592
238,Motor de Popa 4350,142,Cabo Náutico 3932,4,0.013289036544850499,4.807134114355656,0.00011639749745380474
238,Motor de Popa 4350,397,GPS Plotter 3411,4,0.013289036544850499,4.391132123690263,0.00011639749745380474
238,Motor de Popa 4350,218,Bússola de Bordo 4059,3,0.009966777408637873,3.4596798550286922,8.729812309035356e-05
238,Motor de Popa 4350,225,Âncora Bruce 7480,3,0.009966777408637873,3.3253233558042767,8.729812309035356e-05
238,Motor de Popa 4350,343,Bússola de Bordo 2338,3,0.009966777408637873,3.2010122023162664,8.729812309035356e-05
239,Colete Salva-Vidas 326,427,Âncora Bruce 5445,3,0.015,5.54274193548387,8.729812309035356e-05
239,Colete Salva-Vidas 326,60,Vela Mestra 2410,3,0.015,5.426052631578947,8.729812309035356e-05
239,Colete Salva-Vidas 326,12,Cabo Náutico 8028,3,0.015,3.9959302325581394,8.729812309035356e-05
239,Colete Salva-Vidas 326,403,Vela Mestra 807,2,0.01,3.9959302325581394,5.819874872690237e-05
239,Colete Salva-Vidas 326,8,Cabo Náutico 1373,2,0.01,3.9051136363636365,5.819874872690237e-05
240,Bússola de Bordo 702,395,Vela Mestra 9165,2,0.019801980198019802,6.804950495049505,5.819874872690237e-05
240,Bússola de Bordo 702,495,Sonar Transducer 4154,2,0.019801980198019802,6.606748053446121,5.819874872690237e-05
240,Bússola de Bordo 702,355,Cabo Náutico 1755,2,0.019801980198019802,6.300880088008801,5.819874872690237e-05
240,Bússola de Bordo 702,415,Bateria Náutica 6140,2,0.019801980198019802,5.969254820218864,5.819874872690237e-05
240,Bússola de Bordo 702,20,GPS Plotter 7169,3,0.0297029702970297,5.053181060680325,8.729812309035356e-05
241,Defensa Náutica 5179,395,Vela Mestra 9165,3,0.025423728813559324,8.736864406779661,8.729812309035356e-05
241,Defensa Náutica 5179,113,Hélice de Alumínio 1281,3,0.025423728813559324,7.404122378626832,8.729812309035356e-05
241,Defensa Náutica 5179,452,Tinta Antifouling 4641,2,0.01694915254237288,5.824576271186441,5.819874872690237e-05
241,Defensa Náutica 5179,252,Defensa Náutica 9558,2,0.01694915254237288,5.600554106910039,5.819874872690237e-05
241,Defensa Náutica 5179,226,Hélice de Alumínio 3756,2,0.01694915254237288,4.978270317253368,5.819874872690237e-05
242,Âncora Bruce 7665,296,Vela Mestra 9794,4,0.012861736334405145,4.65256388559824,0.00011639749745380474
242,Âncora Bruce 7665,226,Hélice de Alumínio 3756,4,0.012861736334405145,3.7777228130925877,0.00011639749745380474
242,Âncora Bruce 7665,61,Tinta Antifouling 693,3,0.00964630225080386,3.417476049988398,8.729812309035356e-05
242,Âncora Bruce 7665,398,Âncora Bruce 4713,3,0.00964630225080386,3.3484361297866125,8.729812309035356e-05
242,Âncora Bruce 7665,163,Defensa Náutica 1277,3,0.00964630225080386,3.3484361297866125,8.729812309035356e-05
243,Bússola de Bordo 994,79,Sonar Transducer 5255,3,0.010638297872340425,4.0620567375886525,8.729812309035356e-05
243,Bússola de Bordo 994,349,Bateria Náutica 5090,3,0.010638297872340425,3.6927788523533205,8.729812309035356e-05
243,Bússola de Bordo 994,326,Defensa Náutica 824,3,0.010638297872340425,3.6196545186433537,8.729812309035356e-05
243,Bússola de Bordo 994,404,Bússola de Bordo 679,3,0.010638297872340425,3.515241407528641,8.729812309035356e-05
243,Bússola de Bordo 994,372,Vela Mestra 500,3,0.010638297872340425,3.2935595169637724,8.729812309035356e-05
244,Sonar Transducer 6595,472,Defensa Náutica 9030,4,0.017543859649122806,7.092879256965944,0.00011639749745380474
244,Sonar Transducer 6595,105,Defensa Náutica 1200,3,0.013157894736842105,4.306390977443608,8.729812309035356e-05
244,Sonar Transducer 6595,51,Defensa Náutica 9969,3,0.013157894736842105,4.186769005847953,8.729812309035356e-05
244,Sonar Transducer 6595,42,Tinta Antifouling 503,3,0.013157894736842105,3.7369508481948674,8.729812309035356e-05
244,Sonar Transducer 6595,30,Colete Salva-Vidas 8612,2,0.008771929824561403,3.5886591478696737,5.819874872690237e-05
245,Cabo Náutico 7064,326,Defensa Náutica 824,3,0.014925373134328358,5.078321264962317,8.729812309035356e-05
245,Cabo Náutico 7064,447,Cabo Náutico 2366,5,0.024875621890547265,3.994629655461013,0.00014549687181725592
245,Cabo Náutico 7064,56,Sonar Transducer 4571,2,0.009950248756218905,3.976049982644915,5.819874872690237e-05
245,Cabo Náutico 7064,446,Vela Mestra 2993,2,0.009950248756218905,3.7575856978842053,5.819874872690237e-05
245,Cabo Náutico 7064,109,Âncora Bruce 8139,2,0.009950248756218905,3.63766275007939,5.819874872690237e-05
246,Motor de Popa 1365,69,Motor de Popa 2195,3,0.03333333333333333,13.636904761904761,8.729812309035356e-05
246,Motor de Popa 1365,307,Vela Mestra 6857,2,0.022222222222222223,8.485185185185186,5.819874872690237e-05
246,Motor de Popa 1365,200,Tinta Antifouling 4777,2,0.022222222222222223,8.391941391941392,5.819874872690237e-05
246,Motor de Popa 1365,119,Motor de Popa 2911,2,0.022222222222222223,6.942424242424243,5.819874872690237e-05
246,Motor de Popa 1365,148,Colete Salva-Vidas 8269,2,0.022222222222222223,6.75811209439528,5.819874872690237e-05
247,Defensa Náutica 7459,99,Âncora Bruce 2417,3,0.014705882352941176,4.813025210084033,8.729812309035356e-05
247,Defensa Náutica 7459,13,GPS Plotter 7021,2,0.00980392156862745,3.702327084680026,5.819874872690237e-05
247,Defensa Náutica 7459,153,Motor de Popa 9201,7,0.03431372549019608,3.6507466763795304,0.0002036956205441583
247,Defensa Náutica 7459,120,Motor de Popa 8681,2,0.00980392156862745,3.546439628482972,5.819874872690237e-05
247,Defensa Náutica 7459,281,Vela Mestra 8105,2,0.00980392156862745,3.5094975490196076,5.819874872690237e-05
248,Tinta Antifouling 3953,263,Tinta Antifouling 3557,2,0.019801980198019802,6.67152009318579,5.819874872690237e-05
248,Tinta Antifouling 3953,397,GPS Plotter 3411,2,0.019801980198019802,6.543221629855293,5.819874872690237e-05
248,Tinta Antifouling 3953,358,Motor de Popa 553,2,0.019801980198019802,6.419764617971231,5.819874872690237e-05
248,Tinta Antifouling 3953,323,Âncora Bruce 7053,3,0.0297029702970297,5.234577303884234,8.729812309035356e-05
248,Tinta Antifouling 3953,96,GPS Plotter 5928,4,0.039603960396039604,4.7922186584855675,0.00011639749745380474
249,Motor de Popa 1606,35,Colete Salva-Vidas 8211,8,0.02666666666666667,4.184474885844749,0.00023279499490760948
249,Motor de Popa 1606,228,Defensa Náutica 9651,3,0.01,3.2728571428571427,8.729812309035356e-05
249,Motor de Popa 1606,206,Âncora Bruce 6320,6,0.02,3.054666666666667,0.00017459624618070712
249,Motor de Popa 1606,185,Motor de Popa 2690,3,0.01,2.9625,8.729812309035356e-05
249,Motor de Popa 1606,300,GPS Plotter 7543,3,0.01,2.9371794871794874,8.729812309035356e-05
250,Hélice de Alumínio 8577,365,Sonar Transducer 455,2,0.019801980198019802,7.015412881494335,5.819874872690237e-05
250,Hélice de Alumínio 8577,15,Bússola de Bordo 6287,2,0.019801980198019802,6.737574747573768,5.819874872690237e-05
250,Hélice de Alumínio 8577,314,Tinta Antifouling 2982,2,0.019801980198019802,6.419764617971231,5.819874872690237e-05
250,Hélice de Alumínio 8577,177,GPS Plotter 8413,3,0.0297029702970297,3.910891089108911,8.729812309035356e-05
250,Hélice de Alumínio 8577,463,Motor de Popa 8671,1,0.009900990099009901,3.910891089108911,2.9099374363451186e-05
251,Motor de Popa 6346,487,Bússola de Bordo 5643,4,0.013793103448275862,4.3090909090909095,0.00011639749745380474
251,Motor de Popa 6346,15,Bússola de Bordo 6287,3,0.010344827586206896,3.51980198019802,8.729812309035356e-05
251,Motor de Popa 6346,10,Colete Salva-Vidas 6199,3,0.010344827586206896,3.4514563106796112,8.729812309035356e-05
251,Motor de Popa 6346,499,Âncora Bruce 3938,3,0.010344827586206896,3.4182692307692304,8.729812309035356e-05
251,Motor de Popa 6346,371,Motor de Popa 4088,3,0.010344827586206896,3.3857142857142857,8.729812309035356e-05
252,Defensa Náutica 9558,433,Colete Salva-Vidas 2045,2,0.019230769230769232,7.425453759723423,5.819874872690237e-05
252,Defensa Náutica 9558,450,Hélice de Alumínio 290,4,0.038461538461538464,7.183319397993312,0.00011639749745380474
252,Defensa Náutica 9558,226,Hélice de Alumínio 3756,2,0.019230769230769232,5.648422090729784,5.819874872690237e-05
252,Defensa Náutica 9558,241,Defensa Náutica 5179,2,0.019230769230769232,5.60055410691004,5.819874872690237e-05
252,Defensa Náutica 9558,265,Âncora Bruce 2284,3,0.028846153846153848,4.835600375234522,8.729812309035356e-05
253,Bússola de Bordo 3611,193,Cabo Náutico 8225,3,0.013761467889908258,4.825641265680584,8.729812309035356e-05
253,Bússola de Bordo 3611,381,Cabo Náutico 9083,6,0.027522935779816515,4.729128440366973,0.00017459624618070712
253,Bússola de Bordo 3611,72,Motor de Popa 9771,3,0.013761467889908258,4.299207673060884,8.729812309035356e-05
253,Bússola de Bordo 3611,364,Vela Mestra 4634,5,0.022935779816513763,4.170307266637542,0.00014549687181725592
253,Bússola de Bordo 3611,422,Sonar Transducer 7193,5,0.022935779816513763,3.921333698480077,0.00014549687181725592
254,Bússola de Bordo 7825,30,Colete Salva-Vidas 8612,4,0.012578616352201259,5.146001796945193,0.00011639749745380474
254,Bússola de Bordo 7825,221,Sonar Transducer 4498,5,0.015723270440251572,4.502751572327044,0.00014549687181725592
254,Bússola de Bordo 7825,107,Tinta Antifouling 5097,4,0.012578616352201259,3.894271630120687,0.00011639749745380474
254,Bússola de Bordo 7825,8,Cabo Náutico 1373,3,0.009433962264150943,3.684069468267581,8.729812309035356e-05
254,Bússola de Bordo 7825,334,Tinta Antifouling 3404,7,0.0220125786163522,3.5514660288776683,0.0002036956205441583
255,Sonar Transducer 5593,246,Motor de Popa 1365,4,0.011904761904761904,4.545634920634921,0.00011639749745380474
255,Sonar Transducer 5593,437,Hélice de Alumínio 728,5,0.01488095238095238,4.261532738095238,0.00014549687181725592
255,Sonar Transducer 5593,472,Defensa Náutica 9030,3,0.008928571428571428,3.6097689075630246,8.729812309035356e-05
255,Sonar Transducer 5593,131,Âncora Bruce 7031,6,0.017857142857142856,3.212883320867614,0.00017459624618070712
255,Sonar Transducer 5593,480,Hélice de Alumínio 4260,3,0.008928571428571428,3.1631995581737846,8.729812309035356e-05
256,Tinta Antifouling 866,478,Tinta Antifouling 3290,3,0.00980392156862745,3.546439628482972,8.729812309035356e-05
256,Tinta Antifouling 866,120,Motor de Popa 8681,3,0.00980392156862745,3.546439628482972,8.729812309035356e-05
256,Tinta Antifouling 866,250,Hélice de Alumínio 8577,3,0.00980392156862745,3.3357600465928945,8.729812309035356e-05
256,Tinta Antifouling 866,488,Bateria Náutica 9984,5,0.016339869281045753,3.1195533769063184,0.00014549687181725592
256,Tinta Antifouling 866,58,Sonar Transducer 3832,6,0.0196078431372549,3.090933621154884,0.00017459624618070712
257,Colete Salva-Vidas 8800,13,GPS Plotter 7021,3,0.013452914798206279,5.080323264179767,8.729812309035356e-05
257,Colete Salva-Vidas 8800,142,Cabo Náutico 3932,3,0.013452914798206279,4.866414916214302,8.729812309035356e-05
257,Colete Salva-Vidas 8800,200,Tinta Antifouling 4777,2,0.008968609865470852,3.3868821761198444,5.819874872690237e-05
257,Colete Salva-Vidas 8800,169,Hélice de Alumínio 1674,2,0.008968609865470852,3.210482062780269,5.819874872690237e-05
257,Colete Salva-Vidas 8800,180,Motor de Popa 1949,6,0.026905829596412557,3.0820627802690583,0.00017459624618070712
258,Bateria Náutica 5523,418,Tinta Antifouling 6959,5,0.016181229773462782,5.295885344429033,0.00014549687181725592
258,Bateria Náutica 5523,15,Bússola de Bordo 6287,4,0.012944983818770227,4.404498702297414,0.00011639749745380474
258,Bateria Náutica 5523,45,Tinta Antifouling 3620,3,0.009708737864077669,3.9251856082238716,8.729812309035356e-05
258,Bateria Náutica 5523,347,Bússola de Bordo 9956,3,0.009708737864077669,3.8795439151049895,8.729812309035356e-05
258,Bateria Náutica 5523,463,Motor de Popa 8671,3,0.009708737864077669,3.8349514563106792,8.729812309035356e-05
259,Bússola de Bordo 5451,446,Vela Mestra 2993,3,0.01282051282051282,4.841504649196957,8.729812309035356e-05
259,Bússola de Bordo 5451,396,Bússola de Bordo 8014,3,0.01282051282051282,4.6869885433715215,8.729812309035356e-05
259,Bússola de Bordo 5451,122,Vela Mestra 7742,3,0.01282051282051282,4.54203013481364,8.729812309035356e-05
259,Bússola de Bordo 5451,207,Tinta Antifouling 179,3,0.01282051282051282,4.236316568047337,8.729812309035356e-05
259,Bússola de Bordo 5451,305,Bateria Náutica 5556,3,0.01282051282051282,3.671474358974359,8.729812309035356e-05
260,Cliente Genérico,419,Defensa Náutica 9143,4,0.0213903743315508,6.7438551734288374,0.00011639749745380474
260,Cliente Genérico,48,Bússola de Bordo 6684,3,0.016042780748663103,5.742814171122995,8.729812309035356e-05
260,Cliente Genérico,18,Âncora Bruce 7120,3,0.016042780748663103,5.625613881916403,8.729812309035356e-05
260,Cliente Genérico,358,Motor de Popa 553,3,0.016042780748663103,5.201039249318939,8.729812309035356e-05
260,Cliente Genérico,372,Vela Mestra 500,3,0.016042780748663103,4.96675820205232,8.729812309035356e-05
261,Âncora Bruce 7226,155,Bateria Náutica 5487,4,0.016666666666666666,4.895299145299145,0.00011639749745380474
261,Âncora Bruce 7226,307,Vela Mestra 6857,3,0.0125,4.772916666666667,8.729812309035356e-05
261,Âncora Bruce 7226,34,Defensa Náutica 5959,3,0.0125,4.4284793814432994,8.729812309035356e-05
261,Âncora Bruce 7226,193,Cabo Náutico 8225,3,0.0125,4.3832908163265305,8.729812309035356e-05
261,Âncora Bruce 7226,248,Tinta Antifouling 3953,3,0.0125,4.253094059405941,8.729812309035356e-05
262,Hélice de Alumínio 9192,427,Âncora Bruce 5445,4,0.04,14.780645161290321,0.00011639749745380474
262,Hélice de Alumínio 9192,56,Sonar Transducer 4571,2,0.02,7.991860465116279,5.819874872690237e-05
262,Hélice de Alumínio 9192,134,Cabo Náutico 5788,3,0.03,5.572702702702703,8.729812309035356e-05
262,Hélice de Alumínio 9192,302,GPS Plotter 9135,3,0.03,4.862971698113207,8.729812309035356e-05
262,Hélice de Alumínio 9192,425,Bateria Náutica 2254,3,0.03,4.862971698113207,8.729812309035356e-05
263,Tinta Antifouling 3557,72,Motor de Popa 9771,3,0.029411764705882353,9.188502673796792,8.729812309035356e-05
263,Tinta Antifouling 3557,107,Tinta Antifouling 5097,3,0.029411764705882353,9.105723370429253,8.729812309035356e-05
263,Tinta Antifouling 3557,142,Cabo Náutico 3932,2,0.0196078431372549,7.092879256965944,5.819874872690237e-05
263,Tinta Antifouling 3557,248,Tinta Antifouling 3953,2,0.0196078431372549,6.671520093185789,5.819874872690237e-05
263,Tinta Antifouling 3557,462,Hélice de Alumínio 1260,2,0.0196078431372549,6.297416162726773,5.819874872690237e-05
264,Bateria Náutica 1358,434,Defensa Náutica 5998,4,0.01238390092879257,4.053073861123397,0.00011639749745380474
264,Bateria Náutica 1358,166,GPS Plotter 7150,4,0.01238390092879257,3.9404884760921917,0.00011639749745380474
264,Bateria Náutica 1358,69,Motor de Popa 2195,3,0.009287925696594427,3.799756744803184,8.729812309035356e-05
264,Bateria Náutica 1358,204,Sonar Transducer 7487,10,0.030959752321981424,3.6561233283329613,0.00029099374363451185
264,Bateria Náutica 1358,8,Cabo Náutico 1373,3,0.009287925696594427,3.6270405291303125,8.729812309035356e-05
265,Âncora Bruce 2284,225,Âncora Bruce 7480,3,0.014634146341463415,4.882547951693109,8.729812309035356e-05
265,Âncora Bruce 2284,252,Defensa Náutica 9558,3,0.014634146341463415,4.835600375234522,8.729812309035356e-05
265,Âncora Bruce 2284,107,Tinta Antifouling 5097,3,0.014634146341463415,4.530652603823336,8.729812309035356e-05
265,Âncora Bruce 2284,186,Motor de Popa 4710,2,0.00975609756097561,3.8536585365853657,5.819874872690237e-05
265,Âncora Bruce 2284,270,Defensa Náutica 8531,2,0.00975609756097561,3.809866962305987,5.819874872690237e-05
266,Bússola de Bordo 9356,162,Bateria Náutica 2654,4,0.020512820512820513,6.350658350658351,0.00011639749745380474
266,Bússola de Bordo 9356,85,Hélice de Alumínio 6549,3,0.015384615384615385,5.874358974358975,8.729812309035356e-05
266,Bússola de Bordo 9356,209,Cabo Náutico 7626,3,0.015384615384615385,4.941049604601007,8.729812309035356e-05
266,Bússola de Bordo 9356,166,GPS Plotter 7150,3,0.015384615384615385,4.895299145299146,8.729812309035356e-05
266,Bússola de Bordo 9356,347,Bússola de Bordo 9956,2,0.010256410256410256,4.098389982110912,5.819874872690237e-05
267,GPS Plotter 475,94,Tinta Antifouling 569,5,0.016778523489932886,5.708851086450927,0.00014549687181725592
267,GPS Plotter 475,262,Hélice de Alumínio 9192,3,0.010067114093959731,3.459563758389262,8.729812309035356e-05
267,GPS Plotter 475,324,Colete Salva-Vidas 5603,3,0.010067114093959731,3.4253106518705563,8.729812309035356e-05
267,GPS Plotter 475,119,Motor de Popa 2911,3,0.010067114093959731,3.1450579621720562,8.729812309035356e-05
267,GPS Plotter 475,30,Colete Salva-Vidas 8612,2,0.006711409395973154,2.74568552253116,5.819874872690237e-05
268,Motor de Popa 9800,61,Tinta Antifouling 693,6,0.017857142857142856,6.326399116347569,0.00017459624618070712
268,Motor de Popa 9800,112,Âncora Bruce 7692,5,0.01488095238095238,4.8243766846361185,0.00014549687181725592
268,Motor de Popa 9800,189,Cabo Náutico 8341,3,0.008928571428571428,3.3717621664050235,8.729812309035356e-05
268,Motor de Popa 9800,349,Bateria Náutica 5090,3,0.008928571428571428,3.099296536796537,8.729812309035356e-05
268,Motor de Popa 9800,324,Colete Salva-Vidas 5603,3,0.008928571428571428,3.0379243281471005,8.729812309035356e-05
269,Bússola de Bordo 1854,48,Bússola de Bordo 6684,4,0.013289036544850499,4.757059800664452,0.00011639749745380474
269,Bússola de Bordo 1854,448,Bateria Náutica 6898,3,0.009966777408637873,3.8921398369072784,8.729812309035356e-05
269,Bússola de Bordo 1854,402,Tinta Antifouling 3241,3,0.009966777408637873,3.763827534591654,8.729812309035356e-05
269,Bússola de Bordo 1854,169,Hélice de Alumínio 1674,3,0.009966777408637873,3.5677948504983386,8.729812309035356e-05
269,Bússola de Bordo 1854,349,Bateria Náutica 5090,3,0.009966777408637873,3.4596798550286922,8.729812309035356e-05
270,Defensa Náutica 8531,433,Colete Salva-Vidas 2045,2,0.022727272727272728,8.775536261491318,5.819874872690237e-05
270,Defensa Náutica 8531,94,Tinta Antifouling 569,2,0.022727272727272728,7.7328982898289835,5.819874872690237e-05
270,Defensa Náutica 8531,75,Vela Mestra 1913,5,0.056818181818181816,6.422884270334928,0.00014549687181725592
270,Defensa Náutica 8531,348,Âncora Bruce 1231,3,0.03409090909090909,6.0078671328671325,8.729812309035356e-05
270,Defensa Náutica 8531,30,Colete Salva-Vidas 8612,1,0.011363636363636364,4.648944805194805,2.9099374363451186e-05
271,Tinta Antifouling 5976,52,Bateria Náutica 8532,2,0.020618556701030927,5.760623585617299,5.819874872690237e-05
271,Tinta Antifouling 5976,53,Sonar Transducer 6909,4,0.041237113402061855,4.498772704958272,0.00011639749745380474
271,Tinta Antifouling 5976,359,Hélice de Alumínio 8562,1,0.010309278350515464,4.072164948453608,2.9099374363451186e-05
271,Tinta Antifouling 5976,186,Motor de Popa 4710,1,0.010309278350515464,4.072164948453608,2.9099374363451186e-05
271,Tinta Antifouling 5976,454,Vela Mestra 401,1,0.010309278350515464,3.9806556237692576,2.9099374363451186e-05
272,Cabo Náutico 4571,491,Bússola de Bordo 4004,4,0.013605442176870748,4.629218023843201,0.00011639749745380474
272,Cabo Náutico 4571,149,Bateria Náutica 948,7,0.023809523809523808,4.0910714285714285,0.0002036956205441583
272,Cabo Náutico 4571,317,Defensa Náutica 3153,3,0.01020408163265306,3.9848098330241184,8.729812309035356e-05
272,Cabo Náutico 4571,478,Tinta Antifouling 3290,3,0.01020408163265306,3.6911922663802357,8.729812309035356e-05
272,Cabo Náutico 4571,480,Hélice de Alumínio 4260,3,0.01020408163265306,3.6150852093414683,8.729812309035356e-05
273,Vela Mestra 3325,332,Bateria Náutica 9527,3,0.014218009478672985,4.886018957345971,8.729812309035356e-05
273,Vela Mestra 3325,139,Sonar Transducer 7171,3,0.014218009478672985,4.837642532025715,8.729812309035356e-05
273,Vela Mestra 3325,30,Colete Salva-Vidas 8612,2,0.009478672985781991,3.8777928232904535,5.819874872690237e-05
273,Vela Mestra 3325,414,Âncora Bruce 5302,5,0.023696682464454975,3.8053107144439027,0.00014549687181725592
273,Vela Mestra 3325,359,Hélice de Alumínio 8562,2,0.009478672985781991,3.7440758293838865,5.819874872690237e-05
274,Tinta Antifouling 5779,330,Bússola de Bordo 4659,3,0.010714285714285714,4.184050324675325,8.729812309035356e-05
274,Tinta Antifouling 5779,172,Defensa Náutica 2684,3,0.010714285714285714,3.959101382488479,8.729812309035356e-05
274,Tinta Antifouling 5779,60,Vela Mestra 2410,3,0.010714285714285714,3.875751879699248,8.729812309035356e-05
274,Tinta Antifouling 5779,325,Âncora Bruce 5388,3,0.010714285714285714,3.8353794642857144,8.729812309035356e-05
274,Tinta Antifouling 5779,499,Âncora Bruce 3938,3,0.010714285714285714,3.5403502747252746,8.729812309035356e-05
275,Cabo Náutico 5921,353,Cabo Náutico 2862,5,0.016025641025641024,5.858735679214401,0.00014549687181725592
275,Cabo Náutico 5921,200,Tinta Antifouling 4777,3,0.009615384615384616,3.631128486897718,8.729812309035356e-05
275,Cabo Náutico 5921,396,Bússola de Bordo 8014,3,0.009615384615384616,3.5152414075286416,8.729812309035356e-05
275,Cabo Náutico 5921,117,Sonar Transducer 869,6,0.019230769230769232,3.4241729772817857,0.00017459624618070712
275,Cabo Náutico 5921,471,Colete Salva-Vidas 7201,3,0.009615384615384616,3.177237426035503,8.729812309035356e-05
276,GPS Plotter 4567,462,Hélice de Alumínio 1260,3,0.016574585635359115,5.323230237001084,8.729812309035356e-05
276,GPS Plotter 4567,208,Motor de Popa 9560,5,0.027624309392265192,4.770398956106499,0.00014549687181725592
276,GPS Plotter 4567,347,Bússola de Bordo 9956,2,0.011049723756906077,4.41539252216369,5.819874872690237e-05
276,GPS Plotter 4567,186,Motor de Popa 4710,2,0.011049723756906077,4.3646408839779,5.819874872690237e-05
276,GPS Plotter 4567,317,Defensa Náutica 3153,2,0.011049723756906077,4.315042692114515,5.819874872690237e-05
277,Cabo Náutico 3697,149,Bateria Náutica 948,6,0.019230769230769232,3.3043269230769234,0.00017459624618070712
277,Cabo Náutico 3697,262,Hélice de Alumínio 9192,3,0.009615384615384616,3.3043269230769234,8.729812309035356e-05
277,Cabo Náutico 3697,326,Defensa Náutica 824,3,0.009615384615384616,3.271610814927647,8.729812309035356e-05
277,Cabo Náutico 3697,217,Bateria Náutica 5611,6,0.019230769230769232,3.1172895500725692,0.00017459624618070712
277,Cabo Náutico 3697,355,Cabo Náutico 1755,3,0.009615384615384616,3.059561965811966,8.729812309035356e-05
278,Sonar Transducer 5470,495,Sonar Transducer 4154,3,0.02912621359223301,9.71769252521444,8.729812309035356e-05
278,Sonar Transducer 5470,281,Vela Mestra 8105,2,0.019417475728155338,6.950849514563106,5.819874872690237e-05
278,Sonar Transducer 5470,398,Âncora Bruce 4713,2,0.019417475728155338,6.740217711091497,5.819874872690237e-05
278,Sonar Transducer 5470,64,Tinta Antifouling 9693,3,0.02912621359223301,4.9064820102798405,8.729812309035356e-05
278,Sonar Transducer 5470,476,Vela Mestra 5689,3,0.02912621359223301,4.789102057880801,8.729812309035356e-05
279,Vela Mestra 8447,186,Motor de Popa 4710,4,0.013201320132013201,5.214521452145214,0.00011639749745380474
279,Vela Mestra 8447,347,Bússola de Bordo 9956,3,0.009900990099009901,3.956366566889247,8.729812309035356e-05
279,Vela Mestra 8447,116,Colete Salva-Vidas 280,7,0.0231023102310231,3.891720054358377,0.0002036956205441583
279,Vela Mestra 8447,280,Defensa Náutica 7532,3,0.009900990099009901,3.8230058960952276,8.729812309035356e-05
279,Vela Mestra 8447,495,Sonar Transducer 4154,3,0.009900990099009901,3.3033740267230605,8.729812309035356e-05
280,Defensa Náutica 7532,365,Sonar Transducer 455,2,0.02247191011235955,7.961311247538514,5.819874872690237e-05
280,Defensa Náutica 7532,434,Defensa Náutica 5998,2,0.02247191011235955,7.354735152487961,5.819874872690237e-05
280,Defensa Náutica 7532,380,Sonar Transducer 8538,2,0.02247191011235955,7.15043695380774,5.819874872690237e-05
280,Defensa Náutica 7532,360,Bateria Náutica 2558,2,0.02247191011235955,6.32989500828882,5.819874872690237e-05
280,Defensa Náutica 7532,116,Colete Salva-Vidas 280,3,0.033707865168539325,5.678288169200265,8.729812309035356e-05
281,Vela Mestra 8105,395,Vela Mestra 9165,3,0.03125,10.739062500000001,8.729812309035356e-05
281,Vela Mestra 8105,396,Bússola de Bordo 8014,2,0.020833333333333332,7.616356382978722,5.819874872690237e-05
281,Vela Mestra 8105,423,GPS Plotter 5583,2,0.020833333333333332,7.231691919191919,5.819874872690237e-05
281,Vela Mestra 8105,495,Sonar Transducer 4154,2,0.020833333333333332,6.950849514563106,5.819874872690237e-05
281,Vela Mestra 8105,278,Sonar Transducer 5470,2,0.020833333333333332,6.950849514563106,5.819874872690237e-05
282,Cabo Náutico 8086,409,Hélice de Alumínio 9928,4,0.043478260869565216,7.990002325040687,0.00011639749745380474
282,Cabo Náutico 8086,396,Bússola de Bordo 8014,2,0.021739130434782608,7.94750231267345,5.819874872690237e-05
282,Cabo Náutico 8086,207,Tinta Antifouling 179,2,0.021739130434782608,7.18331939799331,5.819874872690237e-05
282,Cabo Náutico 8086,441,Colete Salva-Vidas 4674,4,0.043478260869565216,5.04773795534665,0.00011639749745380474
282,Cabo Náutico 8086,180,Motor de Popa 1949,4,0.043478260869565216,4.980434782608695,0.00011639749745380474
283,Defensa Náutica 3209,461,Colete Salva-Vidas 3259,4,0.013114754098360656,4.251778533869471,0.00011639749745380474
283,Defensa Náutica 3209,330,Bússola de Bordo 4659,3,0.009836065573770493,3.8410953800298064,8.729812309035356e-05
283,Defensa Náutica 3209,413,Cabo Náutico 5471,6,0.019672131147540985,3.3801639344262298,0.00017459624618070712
283,Defensa Náutica 3209,332,Bateria Náutica 9527,3,0.009836065573770493,3.3801639344262298,8.729812309035356e-05
283,Defensa Náutica 3209,112,Âncora Bruce 7692,3,0.009836065573770493,3.1888339004021033,8.729812309035356e-05
284,Bússola de Bordo 7525,69,Motor de Popa 2195,2,0.010101010101010102,4.132395382395383,5.819874872690237e-05
284,Bússola de Bordo 7525,270,Defensa Náutica 8531,2,0.010101010101010102,3.944559228650138,5.819874872690237e-05
284,Bússola de Bordo 7525,433,Colete Salva-Vidas 2045,2,0.010101010101010102,3.900238338440586,5.819874872690237e-05
284,Bússola de Bordo 7525,319,Defensa Náutica 8553,2,0.010101010101010102,3.506274869911234,5.819874872690237e-05
284,Bússola de Bordo 7525,314,Tinta Antifouling 2982,2,0.010101010101010102,3.2747284162378505,5.819874872690237e-05
285,Âncora Bruce 1131,8,Cabo Náutico 1373,3,0.013043478260869565,5.0936264822134385,8.729812309035356e-05
285,Âncora Bruce 1131,282,Cabo Náutico 8086,3,0.013043478260869565,4.872164461247637,8.729812309035356e-05
285,Âncora Bruce 1131,427,Âncora Bruce 5445,3,0.013043478260869565,4.8197755960729305,8.729812309035356e-05
285,Âncora Bruce 1131,18,Âncora Bruce 7120,3,0.013043478260869565,4.573868677905945,8.729812309035356e-05
285,Âncora Bruce 1131,429,GPS Plotter 3591,3,0.013043478260869565,4.43801119242359,8.729812309035356e-05
286,Bússola de Bordo 7461,112,Âncora Bruce 7692,4,0.011976047904191617,3.882612134222122,0.00011639749745380474
286,Bússola de Bordo 7461,281,Vela Mestra 8105,3,0.008982035928143712,3.2152881736526946,8.729812309035356e-05
286,Bússola de Bordo 7461,420,Colete Salva-Vidas 6879,6,0.017964071856287425,3.1986286494368774,0.00017459624618070712
286,Bússola de Bordo 7461,193,Cabo Náutico 8225,3,0.008982035928143712,3.1496700476597823,8.729812309035356e-05
286,Bússola de Bordo 7461,332,Bateria Náutica 9527,3,0.008982035928143712,3.0866766467065867,8.729812309035356e-05
287,Âncora Bruce 4980,347,Bússola de Bordo 9956,2,0.02040816326530612,8.154959658281916,5.819874872690237e-05
287,Âncora Bruce 4980,94,Tinta Antifouling 569,2,0.02040816326530612,6.943827035764801,5.819874872690237e-05
287,Âncora Bruce 4980,104,Bússola de Bordo 7303,2,0.02040816326530612,6.943827035764801,5.819874872690237e-05
287,Âncora Bruce 4980,236,Bateria Náutica 9272,2,0.02040816326530612,6.875750300120048,5.819874872690237e-05
287,Âncora Bruce 4980,38,Sonar Transducer 7290,2,0.02040816326530612,6.808995442837328,5.819874872690237e-05
288,Vela Mestra 5566,122,Vela Mestra 7742,3,0.014150943396226415,5.013372884652791,8.729812309035356e-05
288,Vela Mestra 5566,150,Defensa Náutica 2783,8,0.03773584905660377,4.169750652187101,0.00023279499490760948
288,Vela Mestra 5566,328,Vela Mestra 8368,8,0.03773584905660377,4.090827926909112,0.00023279499490760948
288,Vela Mestra 5566,412,Motor de Popa 6647,5,0.02358490566037736,3.8412098721273362,0.00014549687181725592
288,Vela Mestra 5566,447,Cabo Náutico 2366,5,0.02358490566037736,3.787361135602187,0.00014549687181725592
289,Motor de Popa 8515,4,Sonar Transducer 9933,7,0.022292993630573247,4.4028662420382165,0.0002036956205441583
289,Motor de Popa 8515,157,Bússola de Bordo 1248,4,0.012738853503184714,3.9797336421540246,0.00011639749745380474
289,Motor de Popa 8515,56,Sonar Transducer 4571,3,0.009554140127388535,3.817767738112872,8.729812309035356e-05
289,Motor de Popa 8515,186,Motor de Popa 4710,3,0.009554140127388535,3.773885350318471,8.729812309035356e-05
289,Motor de Popa 8515,330,Bússola de Bordo 4659,3,0.009554140127388535,3.7310002895193977,8.729812309035356e-05
290,Defensa Náutica 6113,467,Colete Salva-Vidas 2345,2,0.01098901098901099,4.495682888540031,5.819874872690237e-05
290,Defensa Náutica 6113,56,Sonar Transducer 4571,2,0.01098901098901099,4.391132123690263,5.819874872690237e-05
290,Defensa Náutica 6113,427,Âncora Bruce 5445,2,0.01098901098901099,4.060616802552286,5.819874872690237e-05
290,Defensa Náutica 6113,15,Bússola de Bordo 6287,2,0.01098901098901099,3.7389837884887394,5.819874872690237e-05
290,Defensa Náutica 6113,175,Hélice de Alumínio 7706,4,0.02197802197802198,3.7205651491365783,0.00011639749745380474
291,GPS Plotter 4422,314,Tinta Antifouling 2982,6,0.027649769585253458,8.964003130162595,0.00017459624618070712
291,GPS Plotter 4422,418,Tinta Antifouling 6959,3,0.013824884792626729,4.524687294272548,8.729812309035356e-05
291,GPS Plotter 4422,112,Âncora Bruce 7692,3,0.013824884792626729,4.482001565081298,8.729812309035356e-05
291,GPS Plotter 4422,102,Bateria Náutica 3506,3,0.013824884792626729,4.131236225205369,8.729812309035356e-05
291,GPS Plotter 4422,33,Hélice de Alumínio 7117,5,0.02304147465437788,3.919902358899485,0.00014549687181725592
292,Vela Mestra 7242,403,Vela Mestra 807,2,0.017543859649122806,7.010403916768666,5.819874872690237e-05
292,Vela Mestra 7242,172,Defensa Náutica 2684,2,0.017543859649122806,6.482739105829088,5.819874872690237e-05
292,Vela Mestra 7242,193,Cabo Náutico 8225,2,0.017543859649122806,6.151987110633727,5.819874872690237e-05
292,Vela Mestra 7242,121,GPS Plotter 1152,3,0.02631578947368421,5.514281129653402,8.729812309035356e-05
292,Vela Mestra 7242,148,Colete Salva-Vidas 8269,2,0.017543859649122806,5.335351653469957,5.819874872690237e-05
293,GPS Plotter 7173,225,Âncora Bruce 7480,4,0.013651877133105802,4.5548228900891345,0.00011639749745380474
293,GPS Plotter 7173,454,Vela Mestra 401,3,0.010238907849829351,3.953483913026805,8.729812309035356e-05
293,GPS Plotter 7173,305,Bateria Náutica 5556,4,0.013651877133105802,3.9095563139931744,0.00011639749745380474
293,GPS Plotter 7173,281,Vela Mestra 8105,3,0.010238907849829351,3.6652090443686003,8.729812309035356e-05
293,GPS Plotter 7173,452,Tinta Antifouling 4641,3,0.010238907849829351,3.5186006825938567,8.729812309035356e-05
294,Vela Mestra 5034,189,Cabo Náutico 8341,4,0.014492753623188406,5.473005255613952,0.00011639749745380474
294,Vela Mestra 5034,8,Cabo Náutico 1373,3,0.010869565217391304,4.244688735177865,8.729812309035356e-05
294,Vela Mestra 5034,336,Bateria Náutica 2400,3,0.010869565217391304,3.850851636037651,8.729812309035356e-05
294,Vela Mestra 5034,104,Bússola de Bordo 7303,3,0.010869565217391304,3.698342660352992,8.729812309035356e-05
294,Vela Mestra 5034,240,Bússola de Bordo 702,3,0.010869565217391304,3.698342660352992,8.729812309035356e-05
295,Cabo Náutico 2105,376,Defensa Náutica 7831,4,0.013071895424836602,4.72858617131063,0.00011639749745380474
295,Cabo Náutico 2105,18,Âncora Bruce 7120,4,0.013071895424836602,4.583833533413365,0.00011639749745380474
295,Cabo Náutico 2105,15,Bússola de Bordo 6287,4,0.013071895424836602,4.44768006212386,0.00011639749745380474
295,Cabo Náutico 2105,371,Motor de Popa 4088,4,0.013071895424836602,4.278244631185808,0.00011639749745380474
295,Cabo Náutico 2105,487,Bússola de Bordo 5643,4,0.013071895424836602,4.0837789661319075,0.00011639749745380474
296,Vela Mestra 9794,12,Cabo Náutico 8028,4,0.042105263157894736,11.216646266829866,0.00011639749745380474
296,Vela Mestra 9794,325,Âncora Bruce 5388,2,0.021052631578947368,7.536184210526315,5.819874872690237e-05
296,Vela Mestra 9794,94,Tinta Antifouling 569,2,0.021052631578947368,7.163105784262637,5.819874872690237e-05
296,Vela Mestra 9794,72,Motor de Popa 9771,2,0.021052631578947368,6.577033492822967,5.819874872690237e-05
296,Vela Mestra 9794,481,Bússola de Bordo 2683,5,0.05263157894736842,6.0289473684210515,0.00014549687181725592
297,Tinta Antifouling 9136,211,Cabo Náutico 9796,3,0.014084507042253521,5.37793427230047,8.729812309035356e-05
297,Tinta Antifouling 9136,365,Sonar Transducer 455,3,0.014084507042253521,4.989835922753013,8.729812309035356e-05
297,Tinta Antifouling 9136,18,Âncora Bruce 7120,3,0.014084507042253521,4.938919229663696,8.729812309035356e-05
297,Tinta Antifouling 9136,449,Bússola de Bordo 8282,3,0.014084507042253521,4.745236122618062,8.729812309035356e-05
297,Tinta Antifouling 9136,404,Bússola de Bordo 679,3,0.014084507042253521,4.653981581798483,8.729812309035356e-05
298,Motor de Popa 2640,263,Tinta Antifouling 3557,3,0.014778325123152709,4.9789915966386555,8.729812309035356e-05
298,Motor de Popa 2640,314,Tinta Antifouling 2982,3,0.014778325123152709,4.7911051212938,8.729812309035356e-05
298,Motor de Popa 2640,30,Colete Salva-Vidas 8612,2,0.009852216748768473,4.030612244897959,5.819874872690237e-05
298,Motor de Popa 2640,403,Vela Mestra 807,2,0.009852216748768473,3.93687707641196,5.819874872690237e-05
298,Motor de Popa 2640,22,Vela Mestra 7039,4,0.019704433497536946,3.8256658595641646,0.00011639749745380474
299,Hélice de Alumínio 9238,358,Motor de Popa 553,4,0.012618296529968454,4.090827926909112,0.00011639749745380474
299,Hélice de Alumínio 9238,393,Hélice de Alumínio 2428,4,0.012618296529968454,4.0525958902090276,0.00011639749745380474
299,Hélice de Alumínio 9238,359,Hélice de Alumínio 8562,3,0.00946372239747634,3.7381703470031544,8.729812309035356e-05
299,Hélice de Alumínio 9238,85,Hélice de Alumínio 6549,3,0.00946372239747634,3.6135646687697163,8.729812309035356e-05
299,Hélice de Alumínio 9238,147,Motor de Popa 1923,6,0.01892744479495268,3.387716876971609,0.00017459624618070712
300,GPS Plotter 7543,48,Bússola de Bordo 6684,2,0.017094017094017096,6.119123931623932,5.819874872690237e-05
300,GPS Plotter 7543,209,Cabo Náutico 7626,2,0.017094017094017096,5.490055116223341,5.819874872690237e-05
300,GPS Plotter 7543,380,Sonar Transducer 8538,2,0.017094017094017096,5.439221272554606,5.819874872690237e-05
300,GPS Plotter 7543,72,Motor de Popa 9771,2,0.017094017094017096,5.3403263403263415,5.819874872690237e-05
300,GPS Plotter 7543,437,Hélice de Alumínio 728,2,0.017094017094017096,4.895299145299146,5.819874872690237e-05
301,Bússola de Bordo 4621,418,Tinta Antifouling 6959,4,0.0121580547112462,3.9791576204950063,0.00011639749745380474
301,Bússola de Bordo 4621,121,GPS Plotter 1152,6,0.0182370820668693,3.8214471050485583,0.00017459624618070712
301,Bússola de Bordo 4621,359,Hélice de Alumínio 8562,3,0.00911854103343465,3.6018237082066866,8.729812309035356e-05
301,Bússola de Bordo 4621,407,Motor de Popa 3225,3,0.00911854103343465,3.333602793765763,8.729812309035356e-05
301,Bússola de Bordo 4621,365,Sonar Transducer 455,3,0.00911854103343465,3.2305016764328016,8.729812309035356e-05
302,GPS Plotter 9135,69,Motor de Popa 2195,3,0.014150943396226415,5.789252021563342,8.729812309035356e-05
302,GPS Plotter 9135,13,GPS Plotter 7021,3,0.014150943396226415,5.343924942981547,8.729812309035356e-05
302,GPS Plotter 9135,262,Hélice de Alumínio 9192,3,0.014150943396226415,4.862971698113208,8.729812309035356e-05
302,GPS Plotter 9135,215,Âncora Bruce 3775,3,0.014150943396226415,4.544833362722624,8.729812309035356e-05
302,GPS Plotter 9135,185,Motor de Popa 2690,3,0.014150943396226415,4.192216981132075,8.729812309035356e-05
303,Bússola de Bordo 7024,225,Âncora Bruce 7480,4,0.013029315960912053,4.347111097055754,0.00011639749745380474
303,Bússola de Bordo 7024,151,Hélice de Alumínio 7225,3,0.009771986970684038,3.5348877078690206,8.729812309035356e-05
303,Bússola de Bordo 7024,271,Tinta Antifouling 5976,3,0.009771986970684038,3.4620034252325462,8.729812309035356e-05
303,Bússola de Bordo 7024,263,Tinta Antifouling 3557,3,0.009771986970684038,3.292297374976049,8.729812309035356e-05
303,Bússola de Bordo 7024,228,Defensa Náutica 9651,3,0.009771986970684038,3.1982317356910186,8.729812309035356e-05
304,Hélice de Alumínio 7333,449,Bússola de Bordo 8282,4,0.013333333333333334,4.492156862745099,0.00011639749745380474
304,Hélice de Alumínio 7333,106,Hélice de Alumínio 2016,6,0.02,4.165454545454546,0.00017459624618070712
304,Hélice de Alumínio 7333,200,Tinta Antifouling 4777,3,0.01,3.7763736263736267,8.729812309035356e-05
304,Hélice de Alumínio 7333,151,Hélice de Alumínio 7225,3,0.01,3.6173684210526313,8.729812309035356e-05
304,Hélice de Alumínio 7333,332,Bateria Náutica 9527,3,0.01,3.4365,8.729812309035356e-05
305,Bateria Náutica 5556,407,Motor de Popa 3225,2,0.016666666666666666,6.093085106382978,5.819874872690237e-05
305,Bateria Náutica 5556,60,Vela Mestra 2410,2,0.016666666666666666,6.028947368421052,5.819874872690237e-05
305,Bateria Náutica 5556,34,Defensa Náutica 5959,2,0.016666666666666666,5.904639175257731,5.819874872690237e-05
305,Bateria Náutica 5556,458,Sonar Transducer 9222,2,0.016666666666666666,5.3032407407407405,5.819874872690237e-05
305,Bateria Náutica 5556,25,Bússola de Bordo 799,2,0.016666666666666666,5.06858407079646,5.819874872690237e-05
306,Cabo Náutico 9175,458,Sonar Transducer 9222,3,0.015957446808510637,5.077570921985815,8.729812309035356e-05
306,Cabo Náutico 9175,420,Colete Salva-Vidas 6879,5,0.026595744680851064,4.735558372836512,0.00014549687181725592
306,Cabo Náutico 9175,56,Sonar Transducer 4571,2,0.010638297872340425,4.250989609104404,5.819874872690237e-05
306,Cabo Náutico 9175,200,Tinta Antifouling 4777,2,0.010638297872340425,4.017418751461305,5.819874872690237e-05
306,Cabo Náutico 9175,282,Cabo Náutico 8086,2,0.010638297872340425,3.9737511563367254,5.819874872690237e-05
307,Vela Mestra 6857,142,Cabo Náutico 3932,3,0.03333333333333333,12.057894736842105,8.729812309035356e-05
307,Vela Mestra 6857,246,Motor de Popa 1365,2,0.022222222222222223,8.485185185185186,5.819874872690237e-05
307,Vela Mestra 6857,499,Âncora Bruce 3938,2,0.022222222222222223,7.342948717948718,5.819874872690237e-05
307,Vela Mestra 6857,360,Bateria Náutica 2558,2,0.022222222222222223,6.259562841530055,5.819874872690237e-05
307,Vela Mestra 6857,401,Bússola de Bordo 4473,3,0.03333333333333333,5.997382198952879,8.729812309035356e-05
308,Motor de Popa 1540,184,Tinta Antifouling 8753,5,0.015723270440251572,5.003057302585605,0.00014549687181725592
308,Motor de Popa 1540,8,Cabo Náutico 1373,4,0.012578616352201259,4.9120926243567755,0.00011639749745380474
308,Motor de Popa 1540,104,Bússola de Bordo 7303,4,0.012578616352201259,4.279843078647488,0.00011639749745380474
308,Motor de Popa 1540,298,Motor de Popa 2640,7,0.0220125786163522,3.7264150943396226,0.0002036956205441583
308,Motor de Popa 1540,317,Defensa Náutica 3153,3,0.009433962264150943,3.684069468267581,8.729812309035356e-05
309,Motor de Popa 4415,32,Defensa Náutica 793,3,0.034482758620689655,5.290178571428572,8.729812309035356e-05
309,Motor de Popa 4415,56,Sonar Transducer 4571,1,0.011494252873563218,4.593023255813954,2.9099374363451186e-05
309,Motor de Popa 4415,8,Cabo Náutico 1373,1,0.011494252873563218,4.488636363636363,2.9099374363451186e-05
309,Motor de Popa 4415,211,Cabo Náutico 9796,1,0.011494252873563218,4.388888888888889,2.9099374363451186e-05
309,Motor de Popa 4415,246,Motor de Popa 1365,1,0.011494252873563218,4.388888888888889,2.9099374363451186e-05
310,Vela Mestra 8489,480,Hélice de Alumínio 4260,3,0.014423076923076924,5.109783901665345,8.729812309035356e-05
310,Vela Mestra 8489,85,Hélice de Alumínio 6549,2,0.009615384615384616,3.6714743589743595,5.819874872690237e-05
310,Vela Mestra 8489,233,Bateria Náutica 6163,6,0.028846153846153848,3.5786934184948627,0.00017459624618070712
310,Vela Mestra 8489,109,Âncora Bruce 8139,2,0.009615384615384616,3.5152414075286416,5.819874872690237e-05
310,Vela Mestra 8489,420,Colete Salva-Vidas 6879,4,0.019230769230769232,3.4241729772817857,0.00011639749745380474
311,GPS Plotter 2249,499,Âncora Bruce 3938,5,0.014749262536873156,4.873638529611981,0.00014549687181725592
311,GPS Plotter 2249,344,Âncora Bruce 3286,8,0.02359882005899705,4.0752434740072045,0.00023279499490760948
311,GPS Plotter 2249,495,Sonar Transducer 4154,4,0.011799410029498525,3.936764326832202,0.00011639749745380474
311,GPS Plotter 2249,358,Motor de Popa 553,4,0.011799410029498525,3.82534646852563,0.00011639749745380474
311,GPS Plotter 2249,69,Motor de Popa 2195,3,0.008849557522123894,3.6204171934260425,8.729812309035356e-05
312,Âncora Bruce 831,309,Motor de Popa 4415,3,0.008695652173913044,3.4347826086956523,8.729812309035356e-05
312,Âncora Bruce 831,305,Bateria Náutica 5556,4,0.011594202898550725,3.3202898550724638,0.00011639749745380474
312,Âncora Bruce 831,281,Vela Mestra 8105,3,0.008695652173913044,3.1127717391304346,8.729812309035356e-05
312,Âncora Bruce 831,34,Defensa Náutica 5959,3,0.008695652173913044,3.080681308830121,8.729812309035356e-05
312,Âncora Bruce 831,250,Hélice de Alumínio 8577,3,0.008695652173913044,2.958674128282394,8.729812309035356e-05
313,Colete Salva-Vidas 3456,365,Sonar Transducer 455,4,0.012944983818770227,4.586127514763287,0.00011639749745380474
313,Colete Salva-Vidas 3456,221,Sonar Transducer 4498,4,0.012944983818770227,3.707119741100324,0.00011639749745380474
313,Colete Salva-Vidas 3456,396,Bússola de Bordo 8014,3,0.009708737864077669,3.549369964883288,8.729812309035356e-05
313,Colete Salva-Vidas 3456,407,Motor de Popa 3225,3,0.009708737864077669,3.549369964883288,8.729812309035356e-05
313,Colete Salva-Vidas 3456,12,Cabo Náutico 8028,4,0.012944983818770227,3.4484834800933246,0.00011639749745380474
314,Tinta Antifouling 2982,189,Cabo Náutico 8341,3,0.02830188679245283,10.687849885963095,8.729812309035356e-05
314,Tinta Antifouling 2982,218,Bússola de Bordo 4059,3,0.02830188679245283,9.824185248713551,8.729812309035356e-05
314,Tinta Antifouling 2982,461,Colete Salva-Vidas 3259,3,0.02830188679245283,9.175418298326807,8.729812309035356e-05
314,Tinta Antifouling 2982,291,GPS Plotter 4422,6,0.05660377358490566,8.964003130162595,0.00017459624618070712
314,Tinta Antifouling 2982,281,Vela Mestra 8105,2,0.018867924528301886,6.754127358490566,5.819874872690237e-05
315,Defensa Náutica 2949,15,Bússola de Bordo 6287,3,0.014492753623188406,4.9311235471373225,8.729812309035356e-05
315,Defensa Náutica 2949,471,Colete Salva-Vidas 7201,3,0.014492753623188406,4.7888795986622075,8.729812309035356e-05
315,Defensa Náutica 2949,367,Sonar Transducer 4574,3,0.014492753623188406,4.743271221532091,8.729812309035356e-05
315,Defensa Náutica 2949,51,Defensa Náutica 9969,3,0.014492753623188406,4.611513687600644,8.729812309035356e-05
315,Defensa Náutica 2949,384,Bateria Náutica 684,5,0.024154589371980676,4.323294082125604,0.00014549687181725592
316,Cabo Náutico 6564,427,Âncora Bruce 5445,3,0.013157894736842105,4.862054329371816,8.729812309035356e-05
316,Cabo Náutico 6564,445,Hélice de Alumínio 9779,6,0.02631578947368421,4.759695290858725,0.00017459624618070712
316,Cabo Náutico 6564,423,GPS Plotter 5583,3,0.013157894736842105,4.567384370015949,8.729812309035356e-05
316,Cabo Náutico 6564,20,GPS Plotter 7169,6,0.02631578947368421,4.476941115164148,0.00017459624618070712
316,Cabo Náutico 6564,461,Colete Salva-Vidas 3259,3,0.013157894736842105,4.2657646474677255,8.729812309035356e-05
317,Defensa Náutica 3153,330,Bússola de Bordo 4659,2,0.022727272727272728,8.87525826446281,5.819874872690237e-05
317,Defensa Náutica 3153,13,GPS Plotter 7021,2,0.022727272727272728,8.582667332667333,5.819874872690237e-05
317,Defensa Náutica 3153,407,Motor de Popa 3225,2,0.022727272727272728,8.30875241779497,5.819874872690237e-05
317,Defensa Náutica 3153,491,Bússola de Bordo 4004,2,0.022727272727272728,7.7328982898289835,5.819874872690237e-05
317,Defensa Náutica 3153,51,Defensa Náutica 9969,2,0.022727272727272728,7.23169191919192,5.819874872690237e-05
318,Defensa Náutica 6926,446,Vela Mestra 2993,4,0.012779552715654952,4.826036583225082,0.00011639749745380474
318,Defensa Náutica 6926,224,Tinta Antifouling 1614,7,0.022364217252396165,3.961578999374197,0.0002036956205441583
318,Defensa Náutica 6926,83,Bússola de Bordo 7257,7,0.022364217252396165,3.7127841829883774,0.0002036956205441583
318,Defensa Náutica 6926,376,Defensa Náutica 7831,3,0.009584664536741214,3.4671262821590716,8.729812309035356e-05
318,Defensa Náutica 6926,239,Colete Salva-Vidas 326,6,0.019169329073482427,3.293769968051118,0.00017459624618070712
319,Defensa Náutica 8553,69,Motor de Popa 2195,2,0.020202020202020204,8.264790764790765,5.819874872690237e-05
319,Defensa Náutica 8553,186,Motor de Popa 4710,2,0.020202020202020204,7.97979797979798,5.819874872690237e-05
319,Defensa Náutica 8553,94,Tinta Antifouling 569,2,0.020202020202020204,6.873687368736874,5.819874872690237e-05
319,Defensa Náutica 8553,466,Bússola de Bordo 1900,4,0.04040404040404041,4.478983382209189,0.00011639749745380474
319,Defensa Náutica 8553,174,Bússola de Bordo 755,4,0.04040404040404041,4.4645815063821495,0.00011639749745380474
320,Colete Salva-Vidas 7959,307,Vela Mestra 6857,3,0.014705882352941176,5.615196078431373,8.729812309035356e-05
320,Colete Salva-Vidas 7959,480,Hélice de Alumínio 4260,3,0.014705882352941176,5.2099757428744695,8.729812309035356e-05
320,Colete Salva-Vidas 7959,94,Tinta Antifouling 569,3,0.014705882352941176,5.003640069889342,8.729812309035356e-05
320,Colete Salva-Vidas 7959,378,Cabo Náutico 5157,5,0.024509803921568627,3.881471943616156,0.00014549687181725592
320,Colete Salva-Vidas 7959,125,Âncora Bruce 9236,5,0.024509803921568627,3.7601759453781516,0.00014549687181725592
321,Colete Salva-Vidas 7573,281,Vela Mestra 8105,3,0.014084507042253521,5.04181338028169,8.729812309035356e-05
321,Colete Salva-Vidas 7573,292,Vela Mestra 7242,3,0.014084507042253521,4.245737583395107,8.729812309035356e-05
321,Colete Salva-Vidas 7573,447,Cabo Náutico 2366,5,0.023474178403755867,3.769580097406871,0.00014549687181725592
321,Colete Salva-Vidas 7573,280,Defensa Náutica 7532,2,0.009389671361502348,3.6255736667194176,5.819874872690237e-05
321,Colete Salva-Vidas 7573,442,Motor de Popa 8825,7,0.03286384976525822,3.5739436619718314,0.0002036956205441583
322,Bateria Náutica 2619,107,Tinta Antifouling 5097,4,0.0125,3.869932432432433,0.00011639749745380474
322,Bateria Náutica 2619,280,Defensa Náutica 7532,3,0.009375,3.6199087078651684,8.729812309035356e-05
322,Bateria Náutica 2619,120,Motor de Popa 8681,3,0.009375,3.391282894736842,8.729812309035356e-05
322,Bateria Náutica 2619,163,Defensa Náutica 1277,3,0.009375,3.2542613636363638,8.729812309035356e-05
322,Bateria Náutica 2619,76,Sonar Transducer 9995,9,0.028125,3.148259364820847,0.00026189436927106065
323,Âncora Bruce 7053,248,Tinta Antifouling 3953,3,0.015384615384615385,5.234577303884235,8.729812309035356e-05
323,Âncora Bruce 7053,51,Defensa Náutica 9969,3,0.015384615384615385,4.895299145299146,8.729812309035356e-05
323,Âncora Bruce 7053,184,Tinta Antifouling 8753,3,0.015384615384615385,4.895299145299146,8.729812309035356e-05
323,Âncora Bruce 7053,116,Colete Salva-Vidas 280,5,0.02564102564102564,4.319381598793363,0.00014549687181725592
323,Âncora Bruce 7053,56,Sonar Transducer 4571,2,0.010256410256410256,4.098389982110912,5.819874872690237e-05
324,Colete Salva-Vidas 5603,376,Defensa Náutica 7831,2,0.019801980198019802,7.163105784262637,5.819874872690237e-05
324,Colete Salva-Vidas 5603,452,Tinta Antifouling 4641,2,0.019801980198019802,6.804950495049505,5.819874872690237e-05
324,Colete Salva-Vidas 5603,491,Bússola de Bordo 4004,2,0.019801980198019802,6.737574747573768,5.819874872690237e-05
324,Colete Salva-Vidas 5603,449,Bússola de Bordo 8282,2,0.019801980198019802,6.67152009318579,5.819874872690237e-05
324,Colete Salva-Vidas 5603,185,Motor de Popa 2690,2,0.019801980198019802,5.866336633663367,5.819874872690237e-05
325,Âncora Bruce 5388,189,Cabo Náutico 8341,2,0.020833333333333332,7.867445054945055,5.819874872690237e-05
325,Âncora Bruce 5388,296,Vela Mestra 9794,2,0.020833333333333332,7.536184210526315,5.819874872690237e-05
325,Âncora Bruce 5388,487,Bússola de Bordo 5643,2,0.020833333333333332,6.5085227272727275,5.819874872690237e-05
325,Âncora Bruce 5388,457,Tinta Antifouling 8834,2,0.020833333333333332,6.171874999999999,5.819874872690237e-05
325,Âncora Bruce 5388,177,GPS Plotter 8413,3,0.03125,4.114583333333334,8.729812309035356e-05
326,Defensa Náutica 824,151,Hélice de Alumínio 7225,2,0.019801980198019802,7.163105784262637,5.819874872690237e-05
326,Defensa Náutica 824,34,Defensa Náutica 5959,2,0.019801980198019802,7.015412881494335,5.819874872690237e-05
326,Defensa Náutica 824,15,Bússola de Bordo 6287,2,0.019801980198019802,6.737574747573768,5.819874872690237e-05
326,Defensa Náutica 824,245,Cabo Náutico 7064,3,0.0297029702970297,5.078321264962317,8.729812309035356e-05
326,Defensa Náutica 824,235,GPS Plotter 1842,3,0.0297029702970297,4.907416222391469,8.729812309035356e-05
327,Sonar Transducer 4970,18,Âncora Bruce 7120,4,0.013114754098360656,4.5988624958179996,0.00011639749745380474
327,Sonar Transducer 4970,407,Motor de Popa 3225,3,0.009836065573770493,3.59591907917684,8.729812309035356e-05
327,Sonar Transducer 4970,139,Sonar Transducer 7171,3,0.009836065573770493,3.3466969647784457,8.729812309035356e-05
327,Sonar Transducer 4970,490,Colete Salva-Vidas 3881,5,0.01639344262295082,2.7751756440281032,0.00014549687181725592
327,Sonar Transducer 4970,223,GPS Plotter 582,7,0.022950819672131147,2.7673856773080243,0.0002036956205441583
328,Vela Mestra 8368,288,Vela Mestra 5566,8,0.025236593059936908,4.090827926909112,0.00023279499490760948
328,Vela Mestra 8368,166,GPS Plotter 7150,4,0.012618296529968454,4.015071854188573,0.00011639749745380474
328,Vela Mestra 8368,15,Bússola de Bordo 6287,3,0.00946372239747634,3.2200081206858857,8.729812309035356e-05
328,Vela Mestra 8368,104,Bússola de Bordo 7303,3,0.00946372239747634,3.2200081206858857,8.729812309035356e-05
328,Vela Mestra 8368,139,Sonar Transducer 7171,3,0.00946372239747634,3.2200081206858857,8.729812309035356e-05
329,Colete Salva-Vidas 3098,186,Motor de Popa 4710,3,0.016129032258064516,6.370967741935484,8.729812309035356e-05
329,Colete Salva-Vidas 3098,380,Sonar Transducer 8538,3,0.016129032258064516,5.132168458781362,8.729812309035356e-05
329,Colete Salva-Vidas 3098,162,Bateria Náutica 2654,3,0.016129032258064516,4.993461203138622,8.729812309035356e-05
329,Colete Salva-Vidas 3098,113,Hélice de Alumínio 1281,3,0.016129032258064516,4.697238928376161,8.729812309035356e-05
329,Colete Salva-Vidas 3098,411,Motor de Popa 684,7,0.03763440860215054,3.9430074744295833,0.0002036956205441583
330,Bússola de Bordo 4659,162,Bateria Náutica 2654,4,0.045454545454545456,14.072481572481573,0.00011639749745380474
330,Bússola de Bordo 4659,317,Defensa Náutica 3153,2,0.022727272727272728,8.87525826446281,5.819874872690237e-05
330,Bússola de Bordo 4659,458,Sonar Transducer 9222,2,0.022727272727272728,7.23169191919192,5.819874872690237e-05
330,Bússola de Bordo 4659,370,Tinta Antifouling 5865,3,0.03409090909090909,5.55229426971133,8.729812309035356e-05
330,Bússola de Bordo 4659,87,Vela Mestra 9995,3,0.03409090909090909,5.325154958677686,8.729812309035356e-05
331,Bateria Náutica 5936,458,Sonar Transducer 9222,3,0.013824884792626729,4.399001536098311,8.729812309035356e-05
331,Bateria Náutica 5936,492,Bateria Náutica 4361,5,0.02304147465437788,3.843787749988815,0.00014549687181725592
331,Bateria Náutica 5936,39,Bateria Náutica 3427,5,0.02304147465437788,3.825218727042009,0.00014549687181725592
331,Bateria Náutica 5936,120,Motor de Popa 8681,2,0.009216589861751152,3.3339801115692453,5.819874872690237e-05
331,Bateria Náutica 5936,365,Sonar Transducer 455,2,0.009216589861751152,3.2652382535987456,5.819874872690237e-05
332,Bateria Náutica 9527,353,Cabo Náutico 2862,2,0.02,7.311702127659574,5.819874872690237e-05
332,Bateria Náutica 9527,120,Motor de Popa 8681,2,0.02,7.234736842105263,5.819874872690237e-05
332,Bateria Náutica 9527,209,Cabo Náutico 7626,2,0.02,6.423364485981309,5.819874872690237e-05
332,Bateria Náutica 9527,273,Vela Mestra 3325,3,0.03,4.886018957345971,8.729812309035356e-05
332,Bateria Náutica 9527,168,Âncora Bruce 7525,3,0.03,4.750921658986175,8.729812309035356e-05
333,Bússola de Bordo 180,317,Defensa Náutica 3153,3,0.010169491525423728,3.971302003081664,8.729812309035356e-05
333,Bússola de Bordo 180,433,Colete Salva-Vidas 2045,3,0.010169491525423728,3.9266806322605214,8.729812309035356e-05
333,Bússola de Bordo 180,454,Vela Mestra 401,3,0.010169491525423728,3.9266806322605214,8.729812309035356e-05
333,Bússola de Bordo 180,278,Sonar Transducer 5470,3,0.010169491525423728,3.392957051176567,8.729812309035356e-05
333,Bússola de Bordo 180,112,Âncora Bruce 7692,3,0.010169491525423728,3.2969299648225134,8.729812309035356e-05
334,Tinta Antifouling 3404,18,Âncora Bruce 7120,3,0.014084507042253521,4.938919229663696,8.729812309035356e-05
334,Tinta Antifouling 3404,487,Bússola de Bordo 5643,3,0.014084507042253521,4.400128040973112,8.729812309035356e-05
334,Tinta Antifouling 3404,134,Cabo Náutico 5788,5,0.023474178403755867,4.360487247811191,0.00014549687181725592
334,Tinta Antifouling 3404,472,Defensa Náutica 9030,2,0.009389671361502348,3.796188898094449,5.819874872690237e-05
334,Tinta Antifouling 3404,346,GPS Plotter 830,5,0.023474178403755867,3.7872776565496262,0.00014549687181725592
335,Vela Mestra 8049,99,Âncora Bruce 2417,4,0.01384083044982699,4.5299060800790905,0.00011639749745380474
335,Vela Mestra 8049,90,Âncora Bruce 9445,7,0.02422145328719723,4.021112281229627,0.0002036956205441583
335,Vela Mestra 8049,217,Bateria Náutica 5611,7,0.02422145328719723,3.9262747274270415,0.0002036956205441583
335,Vela Mestra 8049,172,Defensa Náutica 2684,3,0.010380622837370242,3.8358075678089065,8.729812309035356e-05
335,Vela Mestra 8049,271,Tinta Antifouling 5976,3,0.010380622837370242,3.677629936146684,8.729812309035356e-05
336,Bateria Náutica 2400,56,Sonar Transducer 4571,2,0.020618556701030927,8.23903140733637,5.819874872690237e-05
336,Bateria Náutica 2400,189,Cabo Náutico 8341,2,0.020618556701030927,7.78633737396624,5.819874872690237e-05
336,Bateria Náutica 2400,495,Sonar Transducer 4154,2,0.020618556701030927,6.87919127214493,5.819874872690237e-05
336,Bateria Náutica 2400,83,Bússola de Bordo 7257,4,0.041237113402061855,6.845958464066935,0.00011639749745380474
336,Bateria Náutica 2400,404,Bússola de Bordo 679,2,0.020618556701030927,6.81304520222046,5.819874872690237e-05
337,Cabo Náutico 9048,248,Tinta Antifouling 3953,4,0.012012012012012012,4.087057354384087,0.00011639749745380474
337,Cabo Náutico 9048,415,Bateria Náutica 6140,4,0.012012012012012012,3.6209894104630944,0.00011639749745380474
337,Cabo Náutico 9048,457,Tinta Antifouling 8834,4,0.012012012012012012,3.5585585585585586,0.00011639749745380474
337,Cabo Náutico 9048,424,Colete Salva-Vidas 8874,6,0.018018018018018018,3.478590950501063,0.00017459624618070712
337,Cabo Náutico 9048,500,Motor de Popa 7932,6,0.018018018018018018,3.0204350692155573,0.00017459624618070712
338,Cabo Náutico 5724,343,Bússola de Bordo 2338,4,0.017937219730941704,5.760865009848707,0.00011639749745380474
338,Cabo Náutico 5724,207,Tinta Antifouling 179,3,0.013452914798206279,4.445282856157296,8.729812309035356e-05
338,Cabo Náutico 5724,199,Colete Salva-Vidas 2755,3,0.013452914798206279,4.320648757386531,8.729812309035356e-05
338,Cabo Náutico 5724,102,Bateria Náutica 3506,3,0.013452914798206279,4.020081887307468,8.729812309035356e-05
338,Cabo Náutico 5724,221,Sonar Transducer 4498,3,0.013452914798206279,3.852578475336323,8.729812309035356e-05
339,Sonar Transducer 6256,372,Vela Mestra 500,3,0.03225806451612903,9.986922406277245,8.729812309035356e-05
339,Sonar Transducer 6256,61,Tinta Antifouling 693,2,0.021505376344086023,7.618889258397074,5.819874872690237e-05
339,Sonar Transducer 6256,390,Defensa Náutica 3955,2,0.021505376344086023,6.906843533313236,5.819874872690237e-05
339,Sonar Transducer 6256,391,Bússola de Bordo 5574,3,0.03225806451612903,5.132168458781362,8.729812309035356e-05
339,Sonar Transducer 6256,56,Sonar Transducer 4571,1,0.010752688172043012,4.296699174793699,2.9099374363451186e-05
340,GPS Pltoter 3205,403,Vela Mestra 807,4,0.012345679012345678,4.933247200689061,0.00011639749745380474
340,GPS Pltoter 3205,292,Vela Mestra 7242,4,0.012345679012345678,3.7215724496426246,0.00011639749745380474
340,GPS Pltoter 3205,349,Bateria Náutica 5090,3,0.009259259259259259,3.2140852974186305,8.729812309035356e-05
340,GPS Pltoter 3205,41,Âncora Bruce 2416,6,0.018518518518518517,3.1819444444444445,0.00017459624618070712
340,GPS Pltoter 3205,262,Hélice de Alumínio 9192,3,0.009259259259259259,3.1819444444444445,8.729812309035356e-05
341,Vela Mestra 7122,429,GPS Plotter 3591,3,0.013824884792626729,4.703882830679381,8.729812309035356e-05
341,Vela Mestra 7122,326,Defensa Náutica 824,3,0.013824884792626729,4.703882830679381,8.729812309035356e-05
341,Vela Mestra 7122,404,Bússola de Bordo 679,3,0.013824884792626729,4.5681939028713225,8.729812309035356e-05
341,Vela Mestra 7122,317,Defensa Náutica 3153,2,0.009216589861751152,3.5991830749895266,5.819874872690237e-05
341,Vela Mestra 7122,85,Hélice de Alumínio 6549,2,0.009216589861751152,3.5192012288786483,5.819874872690237e-05
342,asdf,172,Defensa Náutica 2684,4,0.013468013468013467,4.976648202454654,0.00011639749745380474
342,asdf,185,Motor de Popa 2690,4,0.013468013468013467,3.9898989898989896,0.00011639749745380474
342,asdf,10,Colete Salva-Vidas 6199,3,0.010101010101010102,3.370108855545749,8.729812309035356e-05
342,asdf,321,Colete Salva-Vidas 7573,6,0.020202020202020204,3.2593541044245273,0.00017459624618070712
342,asdf,209,Cabo Náutico 7626,3,0.010101010101010102,3.244123477768338,8.729812309035356e-05
343,Bússola de Bordo 2338,471,Colete Salva-Vidas 7201,2,0.018691588785046728,6.1763120057512575,5.819874872690237e-05
343,Bússola de Bordo 2338,119,Motor de Popa 2911,2,0.018691588785046728,5.8394222599830075,5.819874872690237e-05
343,Bússola de Bordo 2338,338,Cabo Náutico 5724,4,0.037383177570093455,5.760865009848707,0.00011639749745380474
343,Bússola de Bordo 2338,89,Âncora Bruce 2687,2,0.018691588785046728,5.308565690893643,5.819874872690237e-05
343,Bússola de Bordo 2338,346,GPS Plotter 830,3,0.028037383177570093,4.5234961168882455,8.729812309035356e-05
344,Âncora Bruce 3286,359,Hélice de Alumínio 8562,4,0.020100502512562814,7.939698492462312,0.00011639749745380474
344,Âncora Bruce 3286,393,Hélice de Alumínio 2428,4,0.020100502512562814,6.455642699478702,0.00011639749745380474
344,Âncora Bruce 3286,449,Bússola de Bordo 8282,3,0.01507537688442211,5.07907182973692,8.729812309035356e-05
344,Âncora Bruce 3286,311,GPS Plotter 2249,8,0.04020100502512563,4.075243474007204,0.00023279499490760948
344,Âncora Bruce 3286,463,Motor de Popa 8671,2,0.010050251256281407,3.969849246231156,5.819874872690237e-05
345,Vela Mestra 1741,467,Colete Salva-Vidas 2345,3,0.011235955056179775,4.596709470304975,8.729812309035356e-05
345,Vela Mestra 1741,189,Cabo Náutico 8341,3,0.011235955056179775,4.24311643412767,8.729812309035356e-05
345,Vela Mestra 1741,339,Sonar Transducer 6256,3,0.011235955056179775,4.1518666183399775,8.729812309035356e-05
345,Vela Mestra 1741,131,Âncora Bruce 7031,6,0.02247191011235955,4.0431790105300305,0.00017459624618070712
345,Vela Mestra 1741,34,Defensa Náutica 5959,3,0.011235955056179775,3.980655623769257,8.729812309035356e-05
346,GPS Plotter 830,376,Defensa Náutica 7831,4,0.018779342723004695,6.7931801334321715,0.00011639749745380474
346,GPS Plotter 830,236,Bateria Náutica 9272,3,0.014084507042253521,4.745236122618062,8.729812309035356e-05
346,GPS Plotter 830,343,Bússola de Bordo 2338,3,0.014084507042253521,4.5234961168882455,8.729812309035356e-05
346,GPS Plotter 830,443,Vela Mestra 6757,5,0.023474178403755867,3.9935155487379723,0.00014549687181725592
346,GPS Plotter 830,334,Tinta Antifouling 3404,5,0.023474178403755867,3.7872776565496262,0.00014549687181725592
347,Bússola de Bordo 9956,287,Âncora Bruce 4980,2,0.023255813953488372,8.154959658281918,5.819874872690237e-05
347,Bússola de Bordo 9956,434,Defensa Náutica 5998,2,0.023255813953488372,7.6112956810631225,5.819874872690237e-05
347,Bússola de Bordo 9956,226,Hélice de Alumínio 3756,2,0.023255813953488372,6.8306499701848535,5.819874872690237e-05
347,Bússola de Bordo 9956,438,Colete Salva-Vidas 2217,3,0.03488372093023256,5.473877030901561,8.729812309035356e-05
347,Bússola de Bordo 9956,140,Bússola de Bordo 5528,3,0.03488372093023256,5.28096506505481,8.729812309035356e-05
348,Âncora Bruce 1231,270,Defensa Náutica 8531,3,0.015384615384615385,6.007867132867133,8.729812309035356e-05
348,Âncora Bruce 1231,112,Âncora Bruce 7692,3,0.015384615384615385,4.98766328011611,8.729812309035356e-05
348,Âncora Bruce 1231,45,Tinta Antifouling 3620,2,0.010256410256410256,4.146606334841628,5.819874872690237e-05
348,Âncora Bruce 1231,246,Motor de Popa 1365,2,0.010256410256410256,3.9162393162393165,5.819874872690237e-05
348,Âncora Bruce 1231,163,Defensa Náutica 1277,2,0.010256410256410256,3.56021756021756,5.819874872690237e-05
349,Bateria Náutica 5090,446,Vela Mestra 2993,2,0.020202020202020204,7.62903762903763,5.819874872690237e-05
349,Bateria Náutica 5090,13,GPS Plotter 7021,2,0.020202020202020204,7.62903762903763,5.819874872690237e-05
349,Bateria Náutica 5090,225,Âncora Bruce 7480,2,0.020202020202020204,6.740217711091498,5.819874872690237e-05
349,Bateria Náutica 5090,494,Motor de Popa 4783,2,0.020202020202020204,5.598729227761486,5.819874872690237e-05
349,Bateria Náutica 5090,149,Bateria Náutica 948,3,0.030303030303030304,5.206818181818182,8.729812309035356e-05
350,Motor de Popa 1007,60,Vela Mestra 2410,5,0.016666666666666666,6.028947368421052,0.00014549687181725592
350,Motor de Popa 1007,230,Bússola de Bordo 4361,4,0.013333333333333334,4.405769230769231,0.00011639749745380474
350,Motor de Popa 1007,347,Bússola de Bordo 9956,3,0.01,3.9959302325581394,8.729812309035356e-05
350,Motor de Popa 1007,433,Colete Salva-Vidas 2045,3,0.01,3.86123595505618,8.729812309035356e-05
350,Motor de Popa 1007,189,Cabo Náutico 8341,3,0.01,3.7763736263736267,8.729812309035356e-05
351,GPS Plotter 845,307,Vela Mestra 6857,3,0.014285714285714285,5.454761904761905,8.729812309035356e-05
351,GPS Plotter 845,287,Âncora Bruce 4980,3,0.014285714285714285,5.009475218658892,8.729812309035356e-05
351,GPS Plotter 845,199,Colete Salva-Vidas 2755,3,0.014285714285714285,4.588117489986649,8.729812309035356e-05
351,GPS Plotter 845,201,Sonar Transducer 2387,5,0.023809523809523808,4.010854341736695,0.00014549687181725592
351,GPS Plotter 845,106,Hélice de Alumínio 2016,4,0.01904761904761905,3.967099567099568,0.00011639749745380474
352,Âncora Bruce 7571,281,Vela Mestra 8105,3,0.010169491525423728,3.640360169491525,8.729812309035356e-05
352,Âncora Bruce 7571,287,Âncora Bruce 4980,3,0.010169491525423728,3.566067104808025,8.729812309035356e-05
352,Âncora Bruce 7571,116,Colete Salva-Vidas 280,6,0.020338983050847456,3.426221335992024,0.00017459624618070712
352,Âncora Bruce 7571,278,Sonar Transducer 5470,3,0.010169491525423728,3.392957051176567,8.729812309035356e-05
352,Âncora Bruce 7571,215,Âncora Bruce 3775,3,0.010169491525423728,3.266117535244733,8.729812309035356e-05
353,Cabo Náutico 2862,18,Âncora Bruce 7120,2,0.02127659574468085,7.460920538428137,5.819874872690237e-05
353,Cabo Náutico 2862,332,Bateria Náutica 9527,2,0.02127659574468085,7.311702127659575,5.819874872690237e-05
353,Cabo Náutico 2862,15,Bússola de Bordo 6287,2,0.02127659574468085,7.2393090372867075,5.819874872690237e-05
353,Cabo Náutico 2862,9,Tinta Antifouling 874,5,0.05319148936170213,6.032757531072256,0.00014549687181725592
353,Cabo Náutico 2862,275,Cabo Náutico 5921,5,0.05319148936170213,5.858735679214402,0.00014549687181725592
354,Bússola de Bordo 1372,471,Colete Salva-Vidas 7201,2,0.020618556701030927,6.81304520222046,5.819874872690237e-05
354,Bússola de Bordo 1372,72,Motor de Popa 9771,2,0.020618556701030927,6.441424554826617,5.819874872690237e-05
354,Bússola de Bordo 1372,360,Bateria Náutica 2558,2,0.020618556701030927,5.807841811728917,5.819874872690237e-05
354,Bússola de Bordo 1372,369,Hélice de Alumínio 393,3,0.030927835051546393,5.287736574857671,8.729812309035356e-05
354,Bússola de Bordo 1372,154,Hélice de Alumínio 549,4,0.041237113402061855,4.787545277235998,0.00011639749745380474
355,Cabo Náutico 1755,139,Sonar Transducer 7171,3,0.027777777777777776,9.451320132013201,8.729812309035356e-05
355,Cabo Náutico 1755,485,GPS Plotter 5365,4,0.037037037037037035,6.8428912783751485,0.00011639749745380474
355,Cabo Náutico 1755,240,Bússola de Bordo 702,2,0.018518518518518517,6.3008800880088005,5.819874872690237e-05
355,Cabo Náutico 1755,10,Colete Salva-Vidas 6199,2,0.018518518518518517,6.178532901833872,5.819874872690237e-05
355,Cabo Náutico 1755,489,Defensa Náutica 9755,2,0.018518518518518517,5.7853535353535355,5.819874872690237e-05
356,Vela Mestra 1319,280,Defensa Náutica 7532,4,0.012987012987012988,5.014592149423611,0.00011639749745380474
356,Vela Mestra 1319,172,Defensa Náutica 2684,4,0.012987012987012988,4.798910766652702,0.00011639749745380474
356,Vela Mestra 1319,489,Defensa Náutica 9755,4,0.012987012987012988,4.057260920897285,0.00011639749745380474
356,Vela Mestra 1319,56,Sonar Transducer 4571,3,0.00974025974025974,3.8921398369072784,8.729812309035356e-05
356,Vela Mestra 1319,109,Âncora Bruce 8139,3,0.00974025974025974,3.5608938933407015,8.729812309035356e-05
357,NAO INFORMADO,296,Vela Mestra 9794,3,0.010033444816053512,3.6294666431966203,8.729812309035356e-05
357,NAO INFORMADO,452,Tinta Antifouling 4641,3,0.010033444816053512,3.4479933110367895,8.729812309035356e-05
357,NAO INFORMADO,278,Sonar Transducer 5470,3,0.010033444816053512,3.347566321394941,8.729812309035356e-05
357,NAO INFORMADO,462,Hélice de Alumínio 1260,3,0.010033444816053512,3.2224236551745693,8.729812309035356e-05
357,NAO INFORMADO,355,Cabo Náutico 1755,3,0.010033444816053512,3.1925863991081385,8.729812309035356e-05
358,Motor de Popa 553,60,Vela Mestra 2410,2,0.018867924528301886,6.825223435948361,5.819874872690237e-05
358,Motor de Popa 553,193,Cabo Náutico 8225,2,0.018867924528301886,6.616288024643819,5.819874872690237e-05
358,Motor de Popa 553,452,Tinta Antifouling 4641,2,0.018867924528301886,6.483962264150944,5.819874872690237e-05
358,Motor de Popa 553,248,Tinta Antifouling 3953,2,0.018867924528301886,6.419764617971231,5.819874872690237e-05
358,Motor de Popa 553,226,Hélice de Alumínio 3756,2,0.018867924528301886,5.5418480890179005,5.819874872690237e-05
359,Hélice de Alumínio 8562,448,Bateria Náutica 6898,3,0.034482758620689655,13.46590909090909,8.729812309035356e-05
359,Hélice de Alumínio 8562,56,Sonar Transducer 4571,2,0.022988505747126436,9.186046511627907,5.819874872690237e-05
359,Hélice de Alumínio 8562,344,Âncora Bruce 3286,4,0.04597701149425287,7.939698492462312,0.00011639749745380474
359,Hélice de Alumínio 8562,139,Sonar Transducer 7171,2,0.022988505747126436,7.821782178217822,5.819874872690237e-05
359,Hélice de Alumínio 8562,10,Colete Salva-Vidas 6199,2,0.022988505747126436,7.6699029126213585,5.819874872690237e-05
360,Bateria Náutica 2558,280,Defensa Náutica 7532,2,0.01639344262295082,6.32989500828882,5.819874872690237e-05
360,Bateria Náutica 2558,307,Vela Mestra 6857,2,0.01639344262295082,6.259562841530055,5.819874872690237e-05
360,Bateria Náutica 2558,354,Bússola de Bordo 1372,2,0.01639344262295082,5.807841811728917,5.819874872690237e-05
360,Bateria Náutica 2558,419,Defensa Náutica 9143,2,0.01639344262295082,5.168446382914724,5.819874872690237e-05
360,Bateria Náutica 2558,198,Hélice de Alumínio 8067,3,0.02459016393442623,3.948789643021296,8.729812309035356e-05
361,Bússola de Bordo 3152,448,Bateria Náutica 6898,3,0.009375,3.661044034090909,8.729812309035356e-05
361,Bússola de Bordo 3152,317,Defensa Náutica 3153,3,0.009375,3.661044034090909,8.729812309035356e-05
361,Bússola de Bordo 3152,262,Hélice de Alumínio 9192,3,0.009375,3.22171875,8.729812309035356e-05
361,Bússola de Bordo 3152,490,Colete Salva-Vidas 3881,6,0.01875,3.174107142857143,0.00017459624618070712
361,Bússola de Bordo 3152,54,Colete Salva-Vidas 6302,3,0.009375,3.0393573113207544,8.729812309035356e-05
362,Âncora Bruce 3524,172,Defensa Náutica 2684,3,0.014150943396226415,5.22900182592818,8.729812309035356e-05
362,Âncora Bruce 3524,111,Sonar Transducer 5950,8,0.03773584905660377,4.10377358490566,0.00023279499490760948
362,Âncora Bruce 3524,89,Âncora Bruce 2687,3,0.014150943396226415,4.018984874473725,8.729812309035356e-05
362,Âncora Bruce 3524,186,Motor de Popa 4710,2,0.009433962264150943,3.7264150943396226,5.819874872690237e-05
362,Âncora Bruce 3524,87,Vela Mestra 9995,5,0.02358490566037736,3.684069468267582,0.00014549687181725592
363,Motor de Popa 1279,189,Cabo Náutico 8341,3,0.01507537688442211,5.693025567397426,8.729812309035356e-05
363,Motor de Popa 1279,25,Bússola de Bordo 799,3,0.01507537688442211,4.584648908258104,8.729812309035356e-05
363,Motor de Popa 1279,30,Colete Salva-Vidas 8612,2,0.010050251256281407,4.111629576453697,5.819874872690237e-05
363,Motor de Popa 1279,270,Defensa Náutica 8531,2,0.010050251256281407,3.924737322978529,5.819874872690237e-05
363,Motor de Popa 1279,86,GPS Plotter 4446,7,0.035175879396984924,3.9247373229785287,0.0002036956205441583
364,Vela Mestra 4634,398,Âncora Bruce 4713,3,0.015873015873015872,5.50986050986051,8.729812309035356e-05
364,Vela Mestra 4634,102,Bateria Náutica 3506,3,0.015873015873015872,4.7432712215320905,8.729812309035356e-05
364,Vela Mestra 4634,253,Bússola de Bordo 3611,5,0.026455026455026454,4.170307266637542,0.00014549687181725592
364,Vela Mestra 4634,151,Hélice de Alumínio 7225,2,0.010582010582010581,3.8279030910609855,5.819874872690237e-05
364,Vela Mestra 4634,325,Âncora Bruce 5388,2,0.010582010582010581,3.7880291005291,5.819874872690237e-05
365,Sonar Transducer 455,280,Defensa Náutica 7532,2,0.020618556701030927,7.961311247538515,5.819874872690237e-05
365,Sonar Transducer 455,250,Hélice de Alumínio 8577,2,0.020618556701030927,7.015412881494335,5.819874872690237e-05
365,Sonar Transducer 455,468,Tinta Antifouling 6054,6,0.061855670103092786,6.684497179537056,0.00017459624618070712
365,Sonar Transducer 455,184,Tinta Antifouling 8753,2,0.020618556701030927,6.560710194730813,5.819874872690237e-05
365,Sonar Transducer 455,457,Tinta Antifouling 8834,2,0.020618556701030927,6.108247422680412,5.819874872690237e-05
366,Bússola de Bordo 1762,262,Hélice de Alumínio 9192,4,0.012738853503184714,4.377707006369427,0.00011639749745380474
366,Bússola de Bordo 1762,477,Motor de Popa 8461,7,0.022292993630573247,3.8304936305732484,0.0002036956205441583
366,Bússola de Bordo 1762,56,Sonar Transducer 4571,3,0.009554140127388535,3.817767738112872,8.729812309035356e-05
366,Bússola de Bordo 1762,280,Defensa Náutica 7532,3,0.009554140127388535,3.689078937951764,8.729812309035356e-05
366,Bússola de Bordo 1762,360,Bateria Náutica 2558,4,0.012738853503184714,3.5882844314503504,0.00011639749745380474
367,Sonar Transducer 4574,446,Vela Mestra 2993,3,0.02857142857142857,10.789638932496075,8.729812309035356e-05
367,Sonar Transducer 4574,32,Defensa Náutica 793,4,0.0380952380952381,5.844387755102042,0.00011639749745380474
367,Sonar Transducer 4574,97,Motor de Popa 5396,3,0.02857142857142857,5.140613313388182,8.729812309035356e-05
367,Sonar Transducer 4574,315,Defensa Náutica 2949,3,0.02857142857142857,4.7432712215320905,8.729812309035356e-05
367,Sonar Transducer 4574,368,Cabo Náutico 7039,4,0.0380952380952381,4.129788192879676,0.00011639749745380474
368,Cabo Náutico 7039,252,Defensa Náutica 9558,4,0.012618296529968454,4.169497694734288,0.00011639749745380474
368,Cabo Náutico 7039,367,Sonar Transducer 4574,4,0.012618296529968454,4.129788192879675,0.00011639749745380474
368,Cabo Náutico 7039,330,Bússola de Bordo 4659,3,0.00946372239747634,3.6956911385144826,8.729812309035356e-05
368,Cabo Náutico 7039,452,Tinta Antifouling 4641,3,0.00946372239747634,3.2522082018927447,8.729812309035356e-05
368,Cabo Náutico 7039,44,Motor de Popa 9645,6,0.01892744479495268,3.188439413620338,0.00017459624618070712
369,Hélice de Alumínio 393,69,Motor de Popa 2195,3,0.014925373134328358,6.106076759061833,8.729812309035356e-05
369,Hélice de Alumínio 393,454,Vela Mestra 401,3,0.014925373134328358,5.76303873888982,8.729812309035356e-05
369,Hélice de Alumínio 393,120,Motor de Popa 8681,3,0.014925373134328358,5.399057344854674,8.729812309035356e-05
369,Hélice de Alumínio 393,354,Bússola de Bordo 1372,3,0.014925373134328358,5.287736574857671,8.729812309035356e-05
369,Hélice de Alumínio 393,116,Colete Salva-Vidas 280,5,0.024875621890547265,4.190444834650278,0.00014549687181725592
370,Tinta Antifouling 5865,467,Colete Salva-Vidas 2345,3,0.014218009478672985,5.81668923493568,8.729812309035356e-05
370,Tinta Antifouling 5865,186,Motor de Popa 4710,3,0.014218009478672985,5.616113744075829,8.729812309035356e-05
370,Tinta Antifouling 5865,330,Bússola de Bordo 4659,3,0.014218009478672985,5.552294269711331,8.729812309035356e-05
370,Tinta Antifouling 5865,440,Bússola de Bordo 553,5,0.023696682464454975,3.93399271928017,0.00014549687181725592
370,Tinta Antifouling 5865,69,Motor de Popa 2195,2,0.009478672985781991,3.8777928232904535,5.819874872690237e-05
371,Motor de Popa 4088,471,Colete Salva-Vidas 7201,2,0.01904761904761905,6.293956043956044,5.819874872690237e-05
371,Motor de Popa 4088,11,Hélice de Alumínio 4091,3,0.02857142857142857,4.98404641044235,8.729812309035356e-05
371,Motor de Popa 4088,436,Bateria Náutica 6370,5,0.047619047619047616,4.929001721170396,0.00014549687181725592
371,Motor de Popa 4088,35,Colete Salva-Vidas 8211,3,0.02857142857142857,4.483365949119373,8.729812309035356e-05
371,Motor de Popa 4088,190,GPS Plotter 3107,4,0.0380952380952381,4.407888407888408,0.00011639749745380474
372,Vela Mestra 500,339,Sonar Transducer 6256,3,0.02702702702702703,9.986922406277245,8.729812309035356e-05
372,Vela Mestra 500,230,Bússola de Bordo 4361,2,0.018018018018018018,5.953742203742204,5.819874872690237e-05
372,Vela Mestra 500,99,Âncora Bruce 2417,2,0.018018018018018018,5.897039897039897,5.819874872690237e-05
372,Vela Mestra 500,419,Defensa Náutica 9143,2,0.018018018018018018,5.680634763203571,5.819874872690237e-05
372,Vela Mestra 500,121,GPS Plotter 1152,3,0.02702702702702703,5.66331575477917,8.729812309035356e-05
373,Cabo Náutico 2300,495,Sonar Transducer 4154,5,0.016025641025641024,5.3468073188946965,0.00014549687181725592
373,Cabo Náutico 2300,15,Bússola de Bordo 6287,4,0.01282051282051282,4.362147753236862,0.00011639749745380474
373,Cabo Náutico 2300,60,Vela Mestra 2410,3,0.009615384615384616,3.478238866396761,8.729812309035356e-05
373,Cabo Náutico 2300,151,Hélice de Alumínio 7225,3,0.009615384615384616,3.478238866396761,8.729812309035356e-05
373,Cabo Náutico 2300,129,Defensa Náutica 4517,6,0.019230769230769232,3.4420072115384617,0.00017459624618070712
374,Âncora Bruce 9527,317,Defensa Náutica 3153,5,0.016722408026755852,6.5302903618121,0.00014549687181725592
374,Âncora Bruce 9527,15,Bússola de Bordo 6287,4,0.013377926421404682,4.551806351203682,0.00011639749745380474
374,Âncora Bruce 9527,142,Cabo Náutico 3932,3,0.010033444816053512,3.6294666431966203,8.729812309035356e-05
374,Âncora Bruce 9527,385,GPS Plotter 5137,3,0.010033444816053512,3.4828215262997873,8.729812309035356e-05
374,Âncora Bruce 9527,214,Hélice de Alumínio 8208,6,0.020066889632107024,3.2995151301787455,0.00017459624618070712
375,Sonar Transducer 3481,376,Defensa Náutica 7831,3,0.015228426395939087,5.5086828746994385,8.729812309035356e-05
375,Sonar Transducer 3481,225,Âncora Bruce 7480,3,0.015228426395939087,5.080824010645113,8.729812309035356e-05
375,Sonar Transducer 3481,72,Motor de Popa 9771,3,0.015228426395939087,4.757498846331334,8.729812309035356e-05
375,Sonar Transducer 3481,79,Sonar Transducer 5255,2,0.01015228426395939,3.8764805414551606,5.819874872690237e-05
375,Sonar Transducer 3481,453,Motor de Popa 8838,6,0.030456852791878174,3.7922092253365705,0.00017459624618070712
376,Defensa Náutica 7831,200,Tinta Antifouling 4777,2,0.021052631578947368,7.95026026604974,5.819874872690237e-05
376,Defensa Náutica 7831,427,Âncora Bruce 5445,2,0.021052631578947368,7.779286926994906,5.819874872690237e-05
376,Defensa Náutica 7831,324,Colete Salva-Vidas 5603,2,0.021052631578947368,7.163105784262637,5.819874872690237e-05
376,Defensa Náutica 7831,346,GPS Plotter 830,4,0.042105263157894736,6.7931801334321715,0.00011639749745380474
376,Defensa Náutica 7831,380,Sonar Transducer 8538,2,0.021052631578947368,6.6988304093567255,5.819874872690237e-05
377,Cabo Náutico 5117,347,Bússola de Bordo 9956,3,0.009375,3.7461845930232553,8.729812309035356e-05
377,Cabo Náutico 5117,309,Motor de Popa 4415,3,0.009375,3.703125,8.729812309035356e-05
377,Cabo Náutico 5117,353,Cabo Náutico 2862,3,0.009375,3.4273603723404253,8.729812309035356e-05
377,Cabo Náutico 5117,122,Vela Mestra 7742,3,0.009375,3.321359536082474,8.729812309035356e-05
377,Cabo Náutico 5117,93,Bússola de Bordo 2692,6,0.01875,3.2542613636363638,0.00017459624618070712
378,Cabo Náutico 5157,307,Vela Mestra 6857,3,0.013824884792626729,5.278801843317972,8.729812309035356e-05
378,Cabo Náutico 5157,163,Defensa Náutica 1277,3,0.013824884792626729,4.798910766652702,8.729812309035356e-05
378,Cabo Náutico 5157,458,Sonar Transducer 9222,3,0.013824884792626729,4.399001536098311,8.729812309035356e-05
378,Cabo Náutico 5157,487,Bússola de Bordo 5643,3,0.013824884792626729,4.3190196899874325,8.729812309035356e-05
378,Cabo Náutico 5157,437,Hélice de Alumínio 728,3,0.013824884792626729,3.9591013824884795,8.729812309035356e-05
379,Bateria Náutica 3343,221,Sonar Transducer 4498,5,0.01718213058419244,4.920532646048111,0.00014549687181725592
379,Bateria Náutica 3343,248,Tinta Antifouling 3953,3,0.010309278350515464,3.5077064407471674,8.729812309035356e-05
379,Bateria Náutica 3343,495,Sonar Transducer 4154,3,0.010309278350515464,3.439595636072465,8.729812309035356e-05
379,Bateria Náutica 3343,164,Bateria Náutica 2738,5,0.01718213058419244,3.1916968514906663,0.00014549687181725592
379,Bateria Náutica 3343,384,Bateria Náutica 684,5,0.01718213058419244,3.075332903780069,0.00014549687181725592
380,Sonar Transducer 8538,280,Defensa Náutica 7532,2,0.018518518518518517,7.15043695380774,5.819874872690237e-05
380,Sonar Transducer 8538,376,Defensa Náutica 7831,2,0.018518518518518517,6.698830409356725,5.819874872690237e-05
380,Sonar Transducer 8538,163,Defensa Náutica 1277,2,0.018518518518518517,6.428170594837261,5.819874872690237e-05
380,Sonar Transducer 8538,225,Âncora Bruce 7480,2,0.018518518518518517,6.178532901833872,5.819874872690237e-05
380,Sonar Transducer 8538,404,Bússola de Bordo 679,2,0.018518518518518517,6.119123931623931,5.819874872690237e-05
381,Cabo Náutico 9083,421,Hélice de Alumínio 314,6,0.03,5.15475,0.00017459624618070712
381,Cabo Náutico 9083,253,Bússola de Bordo 3611,6,0.03,4.729128440366972,0.00017459624618070712
381,Cabo Náutico 9083,213,Tinta Antifouling 8939,5,0.025,4.190853658536586,0.00014549687181725592
381,Cabo Náutico 9083,69,Motor de Popa 2195,2,0.01,4.0910714285714285,5.819874872690237e-05
381,Cabo Náutico 9083,309,Motor de Popa 4415,2,0.01,3.95,5.819874872690237e-05
382,Cabo Náutico 4851,104,Bússola de Bordo 7303,4,0.013422818791946308,4.567080869160741,0.00011639749745380474
382,Cabo Náutico 4851,172,Defensa Náutica 2684,3,0.010067114093959731,3.7199610305260875,8.729812309035356e-05
382,Cabo Náutico 4851,452,Tinta Antifouling 4641,3,0.010067114093959731,3.459563758389262,8.729812309035356e-05
382,Cabo Náutico 4851,449,Bússola de Bordo 8282,3,0.010067114093959731,3.391729174891433,8.729812309035356e-05
382,Cabo Náutico 4851,230,Bússola de Bordo 4361,3,0.010067114093959731,3.326503613835828,8.729812309035356e-05
383,Sonar Transducer 7919,14,Defensa Náutica 1161,6,0.02643171806167401,4.587505006007209,0.00017459624618070712
383,Sonar Transducer 7919,25,Bússola de Bordo 799,3,0.013215859030837005,4.019141553935519,8.729812309035356e-05
383,Sonar Transducer 7919,307,Vela Mestra 6857,2,0.00881057268722467,3.3641703377386203,5.819874872690237e-05
383,Sonar Transducer 7919,260,Cliente Genérico,4,0.01762114537444934,3.2382388277697944,0.00011639749745380474
383,Sonar Transducer 7919,396,Bússola de Bordo 8014,2,0.00881057268722467,3.2210141531539977,5.819874872690237e-05
384,Bateria Náutica 684,185,Motor de Popa 2690,3,0.015625,4.62890625,8.729812309035356e-05
384,Bateria Náutica 684,315,Defensa Náutica 2949,5,0.026041666666666668,4.323294082125604,0.00014549687181725592
384,Bateria Náutica 684,45,Tinta Antifouling 3620,2,0.010416666666666666,4.211397058823529,5.819874872690237e-05
384,Bateria Náutica 684,359,Hélice de Alumínio 8562,2,0.010416666666666666,4.114583333333333,5.819874872690237e-05
384,Bateria Náutica 684,407,Motor de Popa 3225,2,0.010416666666666666,3.808178191489361,5.819874872690237e-05
385,GPS Plotter 5137,124,Âncora Bruce 9985,4,0.04040404040404041,6.549456832475701,0.00011639749745380474
385,GPS Plotter 5137,210,João da Silva,3,0.030303030303030304,5.340326340326341,8.729812309035356e-05
385,GPS Plotter 5137,426,Motor de Popa 1296,4,0.04040404040404041,5.2003177845874475,0.00011639749745380474
385,GPS Plotter 5137,403,Vela Mestra 807,1,0.010101010101010102,4.036293164200141,2.9099374363451186e-05
385,GPS Plotter 5137,8,Cabo Náutico 1373,1,0.010101010101010102,3.944559228650138,2.9099374363451186e-05
386,Sonar Transducer 9061,184,Tinta Antifouling 8753,4,0.01818181818181818,5.7853535353535355,0.00011639749745380474
386,Sonar Transducer 9061,280,Defensa Náutica 7532,3,0.013636363636363636,5.2653217568947905,8.729812309035356e-05
386,Sonar Transducer 9061,16,Hélice de Alumínio 8340,7,0.031818181818181815,3.5850223546944853,0.0002036956205441583
386,Sonar Transducer 9061,290,Defensa Náutica 6113,4,0.01818181818181818,3.4330669330669332,0.00011639749745380474
386,Sonar Transducer 9061,109,Âncora Bruce 8139,2,0.00909090909090909,3.323500967117988,5.819874872690237e-05
387,Cabo Náutico 6511,69,Motor de Popa 2195,3,0.009375,3.835379464285714,8.729812309035356e-05
387,Cabo Náutico 6511,402,Tinta Antifouling 3241,3,0.009375,3.5403502747252746,8.729812309035356e-05
387,Cabo Náutico 6511,396,Bússola de Bordo 8014,3,0.009375,3.4273603723404253,8.729812309035356e-05
387,Cabo Náutico 6511,60,Vela Mestra 2410,3,0.009375,3.391282894736842,8.729812309035356e-05
387,Cabo Náutico 6511,287,Âncora Bruce 4980,3,0.009375,3.287468112244898,8.729812309035356e-05
388,Cabo Náutico 8945,446,Vela Mestra 2993,3,0.009836065573770493,3.714465862006846,8.729812309035356e-05
388,Cabo Náutico 8945,282,Cabo Náutico 8086,3,0.009836065573770493,3.674091233071989,8.729812309035356e-05
388,Cabo Náutico 8945,225,Âncora Bruce 7480,3,0.009836065573770493,3.2817125576953687,8.729812309035356e-05
388,Cabo Náutico 8945,207,Tinta Antifouling 179,3,0.009836065573770493,3.25015762925599,8.729812309035356e-05
388,Cabo Náutico 8945,209,Cabo Náutico 7626,3,0.009836065573770493,3.1590317144170372,8.729812309035356e-05
389,Motor de Popa 5331,119,Motor de Popa 2911,5,0.014749262536873156,4.607803700724054,0.00014549687181725592
389,Motor de Popa 5331,478,Tinta Antifouling 3290,4,0.011799410029498525,4.268281322775966,0.00011639749745380474
389,Motor de Popa 5331,354,Bússola de Bordo 1372,4,0.011799410029498525,4.180275522306359,0.00011639749745380474
389,Motor de Popa 5331,404,Bússola de Bordo 679,4,0.011799410029498525,3.8989108236895844,0.00011639749745380474
389,Motor de Popa 5331,207,Tinta Antifouling 179,4,0.011799410029498525,3.8989108236895844,0.00011639749745380474
390,Defensa Náutica 3955,56,Sonar Transducer 4571,2,0.018691588785046728,7.469028472071288,5.819874872690237e-05
390,Defensa Náutica 3955,8,Cabo Náutico 1373,2,0.018691588785046728,7.299277824978759,5.819874872690237e-05
390,Defensa Náutica 3955,339,Sonar Transducer 6256,2,0.018691588785046728,6.906843533313234,5.819874872690237e-05
390,Defensa Náutica 3955,480,Hélice de Alumínio 4260,2,0.018691588785046728,6.622025243279698,5.819874872690237e-05
390,Defensa Náutica 3955,163,Defensa Náutica 1277,2,0.018691588785046728,6.488246955536675,5.819874872690237e-05
391,Bússola de Bordo 5574,339,Sonar Transducer 6256,3,0.013888888888888888,5.132168458781361,8.729812309035356e-05
391,Bússola de Bordo 5574,429,GPS Plotter 3591,3,0.013888888888888888,4.725660066006601,8.729812309035356e-05
391,Bússola de Bordo 5574,228,Defensa Náutica 9651,3,0.013888888888888888,4.54563492063492,8.729812309035356e-05
391,Bússola de Bordo 5574,358,Motor de Popa 553,3,0.013888888888888888,4.5027515723270435,8.729812309035356e-05
391,Bússola de Bordo 5574,292,Vela Mestra 7242,3,0.013888888888888888,4.186769005847953,8.729812309035356e-05
392,Tinta Antifouling 3067,448,Bateria Náutica 6898,3,0.01060070671378092,4.139696434307742,8.729812309035356e-05
392,Tinta Antifouling 3067,158,Vela Mestra 8056,9,0.03180212014134275,4.047703180212014,0.00026189436927106065
392,Tinta Antifouling 3067,193,Cabo Náutico 8225,3,0.01060070671378092,3.717278430806952,8.729812309035356e-05
392,Tinta Antifouling 3067,104,Bússola de Bordo 7303,3,0.01060070671378092,3.606864219990904,8.729812309035356e-05
392,Tinta Antifouling 3067,215,Âncora Bruce 3775,3,0.01060070671378092,3.404610151580199,8.729812309035356e-05
393,Hélice de Alumínio 2428,281,Vela Mestra 8105,2,0.018691588785046728,6.691004672897195,5.819874872690237e-05
393,Hélice de Alumínio 2428,398,Âncora Bruce 4713,2,0.018691588785046728,6.488246955536675,5.819874872690237e-05
393,Hélice de Alumínio 2428,218,Bússola de Bordo 4059,2,0.018691588785046728,6.488246955536675,5.819874872690237e-05
393,Hélice de Alumínio 2428,344,Âncora Bruce 3286,4,0.037383177570093455,6.455642699478702,0.00011639749745380474
393,Hélice de Alumínio 2428,228,Defensa Náutica 9651,2,0.018691588785046728,6.117489986648865,5.819874872690237e-05
394,Sonar Transducer 2625,109,Âncora Bruce 8139,3,0.010273972602739725,3.756011366948411,8.729812309035356e-05
394,Sonar Transducer 2625,122,Vela Mestra 7742,3,0.010273972602739725,3.6398460669396977,8.729812309035356e-05
394,Sonar Transducer 2625,495,Sonar Transducer 4154,3,0.010273972602739725,3.4278161989626277,8.729812309035356e-05
394,Sonar Transducer 2625,184,Tinta Antifouling 8753,3,0.010273972602739725,3.26912100456621,8.729812309035356e-05
394,Sonar Transducer 2625,489,Defensa Náutica 9755,3,0.010273972602739725,3.2096824408468243,8.729812309035356e-05
395,Vela Mestra 9165,281,Vela Mestra 8105,3,0.03,10.7390625,8.729812309035356e-05
395,Vela Mestra 9165,241,Defensa Náutica 5179,3,0.03,8.736864406779661,8.729812309035356e-05
395,Vela Mestra 9165,45,Tinta Antifouling 3620,2,0.02,8.085882352941177,5.819874872690237e-05
395,Vela Mestra 9165,85,Hélice de Alumínio 6549,2,0.02,7.636666666666667,5.819874872690237e-05
395,Vela Mestra 9165,48,Bússola de Bordo 6684,2,0.02,7.159375,5.819874872690237e-05
396,Bússola de Bordo 8014,403,Vela Mestra 807,2,0.02127659574468085,8.501979218208808,5.819874872690237e-05
396,Bússola de Bordo 8014,282,Cabo Náutico 8086,2,0.02127659574468085,7.947502312673451,5.819874872690237e-05
396,Bússola de Bordo 8014,172,Defensa Náutica 2684,2,0.02127659574468085,7.862045298558681,5.819874872690237e-05
396,Bússola de Bordo 8014,120,Motor de Popa 8681,2,0.02127659574468085,7.69652855543113,5.819874872690237e-05
396,Bússola de Bordo 8014,169,Hélice de Alumínio 1674,2,0.02127659574468085,7.616356382978723,5.819874872690237e-05
397,GPS Plotter 3411,427,Âncora Bruce 5445,2,0.019230769230769232,7.106079404466501,5.819874872690237e-05
397,GPS Plotter 3411,478,Tinta Antifouling 3290,2,0.019230769230769232,6.956477732793522,5.819874872690237e-05
397,GPS Plotter 3411,34,Defensa Náutica 5959,2,0.019230769230769232,6.813045202220461,5.819874872690237e-05
397,GPS Plotter 3411,483,Defensa Náutica 9695,4,0.038461538461538464,6.743524332810048,0.00011639749745380474
397,GPS Plotter 3411,248,Tinta Antifouling 3953,2,0.019230769230769232,6.543221629855294,5.819874872690237e-05
398,Âncora Bruce 4713,472,Defensa Náutica 9030,2,0.020202020202020204,8.167557932263815,5.819874872690237e-05
398,Âncora Bruce 4713,186,Motor de Popa 4710,2,0.020202020202020204,7.97979797979798,5.819874872690237e-05
398,Âncora Bruce 4713,172,Defensa Náutica 2684,2,0.020202020202020204,7.464972303681981,5.819874872690237e-05
398,Âncora Bruce 4713,48,Bússola de Bordo 6684,2,0.020202020202020204,7.23169191919192,5.819874872690237e-05
398,Âncora Bruce 4713,395,Vela Mestra 9165,2,0.020202020202020204,6.942424242424243,5.819874872690237e-05
399,Hélice de Alumínio 9811,419,Defensa Náutica 9143,4,0.020618556701030927,6.500520192944292,0.00011639749745380474
399,Hélice de Alumínio 9811,69,Motor de Popa 2195,2,0.010309278350515464,4.217599410898379,5.819874872690237e-05
399,Hélice de Alumínio 9811,170,Bateria Náutica 834,5,0.02577319587628866,4.158196602294177,0.00014549687181725592
399,Hélice de Alumínio 9811,433,Colete Salva-Vidas 2045,2,0.010309278350515464,3.9806556237692576,5.819874872690237e-05
399,Hélice de Alumínio 9811,200,Tinta Antifouling 4777,2,0.010309278350515464,3.89316868698312,5.819874872690237e-05
400,Vela Mestra 4667,395,Vela Mestra 9165,2,0.017391304347826087,5.976521739130435,5.819874872690237e-05
400,Vela Mestra 4667,113,Hélice de Alumínio 1281,2,0.017391304347826087,5.064848931466471,5.819874872690237e-05
400,Vela Mestra 4667,224,Tinta Antifouling 1614,3,0.02608695652173913,4.621021963245181,8.729812309035356e-05
400,Vela Mestra 4667,50,Vela Mestra 1577,3,0.02608695652173913,4.0381903642773205,8.729812309035356e-05
400,Vela Mestra 4667,128,Cabo Náutico 7174,3,0.02608695652173913,3.8977315689981094,8.729812309035356e-05
401,Bússola de Bordo 4473,307,Vela Mestra 6857,3,0.015706806282722512,5.997382198952879,8.729812309035356e-05
401,Bússola de Bordo 4473,462,Hélice de Alumínio 1260,3,0.015706806282722512,5.044527083231394,8.729812309035356e-05
401,Bússola de Bordo 4473,467,Colete Salva-Vidas 2345,2,0.010471204188481676,4.283844427823485,5.819874872690237e-05
401,Bússola de Bordo 4473,402,Tinta Antifouling 3241,2,0.010471204188481676,3.9543179333755254,5.819874872690237e-05
401,Bússola de Bordo 4473,13,GPS Plotter 7021,2,0.010471204188481676,3.9543179333755254,5.819874872690237e-05
402,Tinta Antifouling 3241,48,Bússola de Bordo 6684,2,0.02197802197802198,7.867445054945056,5.819874872690237e-05
402,Tinta Antifouling 3241,429,GPS Plotter 3591,2,0.02197802197802198,7.477967576977479,5.819874872690237e-05
402,Tinta Antifouling 3241,499,Âncora Bruce 3938,2,0.02197802197802198,7.262256973795435,5.819874872690237e-05
402,Tinta Antifouling 3241,185,Motor de Popa 2690,2,0.02197802197802198,6.510989010989011,5.819874872690237e-05
402,Tinta Antifouling 3241,95,Vela Mestra 6861,3,0.03296703296703297,5.931476900063287,8.729812309035356e-05
403,Vela Mestra 807,472,Defensa Náutica 9030,2,0.023255813953488372,9.40218878248974,5.819874872690237e-05
403,Vela Mestra 807,396,Bússola de Bordo 8014,2,0.023255813953488372,8.501979218208806,5.819874872690237e-05
403,Vela Mestra 807,48,Bússola de Bordo 6684,2,0.023255813953488372,8.32485465116279,5.819874872690237e-05
403,Vela Mestra 807,499,Âncora Bruce 3938,2,0.023255813953488372,7.68448121645796,5.819874872690237e-05
403,Vela Mestra 807,292,Vela Mestra 7242,2,0.023255813953488372,7.010403916768666,5.819874872690237e-05
404,Bússola de Bordo 679,415,Bateria Náutica 6140,3,0.028846153846153848,8.695597165991902,8.729812309035356e-05
404,Bússola de Bordo 679,186,Motor de Popa 4710,2,0.019230769230769232,7.596153846153847,5.819874872690237e-05
404,Bússola de Bordo 679,446,Vela Mestra 2993,2,0.019230769230769232,7.262256973795436,5.819874872690237e-05
404,Bússola de Bordo 679,427,Âncora Bruce 5445,2,0.019230769230769232,7.106079404466501,5.819874872690237e-05
404,Bússola de Bordo 679,172,Defensa Náutica 2684,2,0.019230769230769232,7.106079404466501,5.819874872690237e-05
405,Bateria Náutica 9124,8,Cabo Náutico 1373,3,0.01485148514851485,5.7996737173717365,8.729812309035356e-05
405,Bateria Náutica 9124,296,Vela Mestra 9794,3,0.01485148514851485,5.372329338196977,8.729812309035356e-05
405,Bateria Náutica 9124,415,Bateria Náutica 6140,3,0.01485148514851485,4.476941115164148,8.729812309035356e-05
405,Bateria Náutica 9124,64,Tinta Antifouling 9693,5,0.024752475247524754,4.169700058241118,0.00014549687181725592
405,Bateria Náutica 9124,467,Colete Salva-Vidas 2345,2,0.009900990099009901,4.0505657708628,5.819874872690237e-05
406,Motor de Popa 6404,317,Defensa Náutica 3153,3,0.009836065573770493,3.8410953800298064,8.729812309035356e-05
406,Motor de Popa 6404,338,Cabo Náutico 5724,7,0.022950819672131147,3.536793354407116,0.0002036956205441583
406,Motor de Popa 6404,325,Âncora Bruce 5388,3,0.009836065573770493,3.521004098360656,8.729812309035356e-05
406,Motor de Popa 6404,228,Defensa Náutica 9651,3,0.009836065573770493,3.2192037470725996,8.729812309035356e-05
406,Motor de Popa 6404,112,Âncora Bruce 7692,3,0.009836065573770493,3.1888339004021033,8.729812309035356e-05
407,Motor de Popa 3225,45,Tinta Antifouling 3620,2,0.02127659574468085,8.60200250312891,5.819874872690237e-05
407,Motor de Popa 3225,317,Defensa Náutica 3153,2,0.02127659574468085,8.30875241779497,5.819874872690237e-05
407,Motor de Popa 3225,305,Bateria Náutica 5556,2,0.02127659574468085,6.093085106382979,5.819874872690237e-05
407,Motor de Popa 3225,149,Bateria Náutica 948,3,0.031914893617021274,5.483776595744681,8.729812309035356e-05
407,Motor de Popa 3225,484,Hélice de Alumínio 6668,3,0.031914893617021274,5.247633105975771,8.729812309035356e-05
408,Sonar Transducer 7193,343,Bússola de Bordo 2338,4,0.011695906432748537,3.7563535005738644,0.00011639749745380474
408,Sonar Transducer 7193,347,Bússola de Bordo 9956,3,0.008771929824561403,3.505201958384333,8.729812309035356e-05
408,Sonar Transducer 7193,476,Vela Mestra 5689,7,0.02046783625730994,3.3654411147485934,0.0002036956205441583
408,Sonar Transducer 7193,244,Sonar Transducer 6595,7,0.02046783625730994,3.084987688519544,0.0002036956205441583
408,Sonar Transducer 7193,15,Bússola de Bordo 6287,3,0.008771929824561403,2.984627410109432,8.729812309035356e-05
409,Hélice de Alumínio 9928,282,Cabo Náutico 8086,4,0.0213903743315508,7.990002325040688,0.00011639749745380474
409,Hélice de Alumínio 9928,317,Defensa Náutica 3153,2,0.0106951871657754,4.176592124453086,5.819874872690237e-05
409,Hélice de Alumínio 9928,330,Bússola de Bordo 4659,2,0.0106951871657754,4.176592124453086,5.819874872690237e-05
409,Hélice de Alumínio 9928,65,Colete Salva-Vidas 1933,4,0.0213903743315508,4.106593373763929,0.00011639749745380474
409,Hélice de Alumínio 9928,79,Sonar Transducer 5255,2,0.0106951871657754,4.0837789661319075,5.819874872690237e-05
410,Vela Mestra 207,142,Cabo Náutico 3932,4,0.017777777777777778,6.4308771929824555,0.00011639749745380474
410,Vela Mestra 207,236,Bateria Náutica 9272,4,0.017777777777777778,5.989542483660131,0.00011639749745380474
410,Vela Mestra 207,404,Bússola de Bordo 679,3,0.013333333333333334,4.405769230769231,8.729812309035356e-05
410,Vela Mestra 207,105,Defensa Náutica 1200,3,0.013333333333333334,4.363809523809524,8.729812309035356e-05
410,Vela Mestra 207,42,Tinta Antifouling 503,3,0.013333333333333334,3.7867768595041325,8.729812309035356e-05
411,Motor de Popa 684,449,Bússola de Bordo 8282,4,0.012195121951219513,4.10868005738881,0.00011639749745380474
411,Motor de Popa 684,329,Colete Salva-Vidas 3098,7,0.021341463414634148,3.943007474429583,0.0002036956205441583
411,Motor de Popa 684,415,Bateria Náutica 6140,4,0.012195121951219513,3.6761874197689344,0.00011639749745380474
411,Motor de Popa 684,6,Defensa Náutica 7487,9,0.027439024390243903,3.112020043467761,0.00026189436927106065
411,Motor de Popa 684,10,Colete Salva-Vidas 6199,3,0.009146341463414634,3.0515924698081927,8.729812309035356e-05
412,Motor de Popa 6647,278,Sonar Transducer 5470,3,0.014218009478672985,4.743707725578613,8.729812309035356e-05
412,Motor de Popa 6647,119,Motor de Popa 2911,3,0.014218009478672985,4.441835415769065,8.729812309035356e-05
412,Motor de Popa 6647,157,Bússola de Bordo 1248,3,0.014218009478672985,4.441835415769065,8.729812309035356e-05
412,Motor de Popa 6647,485,GPS Plotter 5365,5,0.023696682464454975,4.378153187585996,0.00014549687181725592
412,Motor de Popa 6647,137,Motor de Popa 8544,3,0.014218009478672985,4.105898283484009,8.729812309035356e-05
413,Cabo Náutico 5471,365,Sonar Transducer 455,3,0.015,5.314175257731958,8.729812309035356e-05
413,Cabo Náutico 5471,347,Bússola de Bordo 9956,2,0.01,3.9959302325581394,5.819874872690237e-05
413,Cabo Náutico 5471,285,Âncora Bruce 1131,5,0.025,3.7353260869565217,0.00014549687181725592
413,Cabo Náutico 5471,353,Cabo Náutico 2862,2,0.01,3.655851063829787,5.819874872690237e-05
413,Cabo Náutico 5471,325,Âncora Bruce 5388,2,0.01,3.5796875,5.819874872690237e-05
414,Âncora Bruce 5302,45,Tinta Antifouling 3620,3,0.014018691588785047,5.667674546454095,8.729812309035356e-05
414,Âncora Bruce 5302,60,Vela Mestra 2410,3,0.014018691588785047,5.071077225774717,8.729812309035356e-05
414,Âncora Bruce 5302,314,Tinta Antifouling 2982,3,0.014018691588785047,4.544833362722624,8.729812309035356e-05
414,Âncora Bruce 5302,462,Hélice de Alumínio 1260,3,0.014018691588785047,4.502358284566338,8.729812309035356e-05
414,Âncora Bruce 5302,273,Vela Mestra 3325,5,0.02336448598130841,3.8053107144439027,0.00014549687181725592
415,Bateria Náutica 6140,404,Bússola de Bordo 679,3,0.02631578947368421,8.695597165991902,8.729812309035356e-05
415,Bateria Náutica 6140,211,Cabo Náutico 9796,2,0.017543859649122806,6.698830409356725,5.819874872690237e-05
415,Bateria Náutica 6140,446,Vela Mestra 2993,2,0.017543859649122806,6.6252168883747835,5.819874872690237e-05
415,Bateria Náutica 6140,224,Tinta Antifouling 1614,4,0.03508771929824561,6.215409658166033,0.00011639749745380474
415,Bateria Náutica 6140,240,Bússola de Bordo 702,2,0.017543859649122806,5.969254820218864,5.819874872690237e-05
416,Tinta Antifouling 9500,499,Âncora Bruce 3938,3,0.014354066985645933,4.743052999631947,8.729812309035356e-05
416,Tinta Antifouling 9500,117,Sonar Transducer 869,5,0.023923444976076555,4.25973671814959,0.00014549687181725592
416,Tinta Antifouling 9500,20,GPS Plotter 7169,5,0.023923444976076555,4.069946468331044,0.00014549687181725592
416,Tinta Antifouling 9500,467,Colete Salva-Vidas 2345,2,0.009569377990430622,3.9149008885850987,5.819874872690237e-05
416,Tinta Antifouling 9500,317,Defensa Náutica 3153,2,0.009569377990430622,3.736950848194867,5.819874872690237e-05
417,Bússola de Bordo 6310,467,Colete Salva-Vidas 2345,4,0.013937282229965157,5.701841712294674,0.00011639749745380474
417,Bússola de Bordo 6310,353,Cabo Náutico 2862,3,0.010452961672473868,3.8214471050485583,8.729812309035356e-05
417,Bússola de Bordo 6310,369,Hélice de Alumínio 393,6,0.020905923344947737,3.5742888345727812,0.00017459624618070712
417,Bússola de Bordo 6310,182,Vela Mestra 3395,5,0.017421602787456445,3.480775463900818,0.00014549687181725592
417,Bússola de Bordo 6310,228,Defensa Náutica 9651,3,0.010452961672473868,3.4211050273768047,8.729812309035356e-05
418,Tinta Antifouling 6959,133,Âncora Bruce 7309,5,0.047619047619047616,7.541145490454246,0.00014549687181725592
418,Tinta Antifouling 6959,396,Bússola de Bordo 8014,2,0.01904761904761905,6.963525835866261,5.819874872690237e-05
418,Tinta Antifouling 6959,336,Bateria Náutica 2400,2,0.01904761904761905,6.748159057437409,5.819874872690237e-05
418,Tinta Antifouling 6959,102,Bateria Náutica 3506,2,0.01904761904761905,5.6919254658385094,5.819874872690237e-05
418,Tinta Antifouling 6959,258,Bateria Náutica 5523,5,0.047619047619047616,5.295885344429033,0.00014549687181725592
419,Defensa Náutica 9143,260,Cliente Genérico,4,0.03669724770642202,6.7438551734288374,0.00011639749745380474
419,Defensa Náutica 9143,169,Hélice de Alumínio 1674,2,0.01834862385321101,6.5682339449541285,5.819874872690237e-05
419,Defensa Náutica 9143,399,Hélice de Alumínio 9811,4,0.03669724770642202,6.500520192944292,0.00011639749745380474
419,Defensa Náutica 9143,202,Cabo Náutico 5453,4,0.03669724770642202,6.467184191954835,0.00011639749745380474
419,Defensa Náutica 9143,99,Âncora Bruce 2417,2,0.01834862385321101,6.00524246395806,5.819874872690237e-05
420,Colete Salva-Vidas 6879,306,Cabo Náutico 9175,5,0.025906735751295335,4.735558372836511,0.00014549687181725592
420,Colete Salva-Vidas 6879,12,Cabo Náutico 8028,3,0.015544041450777202,4.140860344619834,8.729812309035356e-05
420,Colete Salva-Vidas 6879,200,Tinta Antifouling 4777,2,0.010362694300518135,3.913340545464898,5.819874872690237e-05
420,Colete Salva-Vidas 6879,354,Bússola de Bordo 1372,2,0.010362694300518135,3.671278243683564,5.819874872690237e-05
420,Colete Salva-Vidas 6879,287,Âncora Bruce 4980,2,0.010362694300518135,3.633816220788834,5.819874872690237e-05
421,Hélice de Alumínio 314,376,Defensa Náutica 7831,3,0.015,5.426052631578947,8.729812309035356e-05
421,Hélice de Alumínio 314,381,Cabo Náutico 9083,6,0.03,5.15475,0.00017459624618070712
421,Hélice de Alumínio 314,324,Colete Salva-Vidas 5603,3,0.015,5.1037128712871285,8.729812309035356e-05
421,Hélice de Alumínio 314,230,Bússola de Bordo 4361,3,0.015,4.9564903846153845,8.729812309035356e-05
421,Hélice de Alumínio 314,162,Bateria Náutica 2654,3,0.015,4.643918918918919,8.729812309035356e-05
422,Sonar Transducer 7193,359,Hélice de Alumínio 8562,3,0.014925373134328358,5.895522388059701,8.729812309035356e-05
422,Sonar Transducer 7193,296,Vela Mestra 9794,3,0.014925373134328358,5.399057344854674,8.729812309035356e-05
422,Sonar Transducer 7193,45,Tinta Antifouling 3620,2,0.009950248756218905,4.022827041264267,5.819874872690237e-05
422,Sonar Transducer 7193,253,Bússola de Bordo 3611,5,0.024875621890547265,3.921333698480077,0.00014549687181725592
422,Sonar Transducer 7193,280,Defensa Náutica 7532,2,0.009950248756218905,3.842025825926547,5.819874872690237e-05
423,GPS Plotter 5583,281,Vela Mestra 8105,2,0.020202020202020204,7.23169191919192,5.819874872690237e-05
423,GPS Plotter 5583,157,Bússola de Bordo 1248,2,0.020202020202020204,6.311294765840221,5.819874872690237e-05
423,GPS Plotter 5583,316,Cabo Náutico 6564,3,0.030303030303030304,4.567384370015949,8.729812309035356e-05
423,GPS Plotter 5583,45,Tinta Antifouling 3620,1,0.010101010101010102,4.0837789661319075,2.9099374363451186e-05
423,GPS Plotter 5583,56,Sonar Transducer 4571,1,0.010101010101010102,4.036293164200141,2.9099374363451186e-05
424,Colete Salva-Vidas 8874,461,Colete Salva-Vidas 3259,3,0.016853932584269662,5.464013143947424,8.729812309035356e-05
424,Colete Salva-Vidas 8874,137,Motor de Popa 8544,3,0.016853932584269662,4.867104145028798,8.729812309035356e-05
424,Colete Salva-Vidas 8874,347,Bússola de Bordo 9956,2,0.011235955056179775,4.489809250065325,5.819874872690237e-05
424,Colete Salva-Vidas 8874,480,Hélice de Alumínio 4260,2,0.011235955056179775,3.980655623769257,5.819874872690237e-05
424,Colete Salva-Vidas 8874,262,Hélice de Alumínio 9192,2,0.011235955056179775,3.8612359550561797,5.819874872690237e-05
425,Bateria Náutica 2254,365,Sonar Transducer 455,3,0.014150943396226415,5.013372884652791,8.729812309035356e-05
425,Bateria Náutica 2254,262,Hélice de Alumínio 9192,3,0.014150943396226415,4.862971698113208,8.729812309035356e-05
425,Bateria Náutica 2254,317,Defensa Náutica 3153,2,0.009433962264150943,3.684069468267581,5.819874872690237e-05
425,Bateria Náutica 2254,200,Tinta Antifouling 4777,2,0.009433962264150943,3.5626166286543643,5.819874872690237e-05
425,Bateria Náutica 2254,164,Bateria Náutica 2738,4,0.018867924528301886,3.5048444671086183,0.00011639749745380474
426,Motor de Popa 1296,385,GPS Plotter 5137,4,0.0149812734082397,5.2003177845874475,0.00011639749745380474
426,Motor de Popa 1296,326,Defensa Náutica 824,3,0.011235955056179775,3.8230058960952276,8.729812309035356e-05
426,Motor de Popa 1296,461,Colete Salva-Vidas 3259,3,0.011235955056179775,3.642675429298283,8.729812309035356e-05
426,Motor de Popa 1296,264,Bateria Náutica 1358,8,0.0299625468164794,3.187810902007166,0.00023279499490760948
426,Motor de Popa 1296,360,Bateria Náutica 2558,3,0.011235955056179775,3.16494750414441,8.729812309035356e-05
427,Âncora Bruce 5445,262,Hélice de Alumínio 9192,4,0.043010752688172046,14.780645161290325,0.00011639749745380474
427,Âncora Bruce 5445,448,Bateria Náutica 6898,2,0.021505376344086023,8.398093841642229,5.819874872690237e-05
427,Âncora Bruce 5445,376,Defensa Náutica 7831,2,0.021505376344086023,7.7792869269949065,5.819874872690237e-05
427,Âncora Bruce 5445,193,Cabo Náutico 8225,2,0.021505376344086023,7.541145490454247,5.819874872690237e-05
427,Âncora Bruce 5445,397,GPS Plotter 3411,2,0.021505376344086023,7.106079404466501,5.819874872690237e-05
428,Sonar Transducer 8490,404,Bússola de Bordo 679,4,0.013937282229965157,4.605333690699544,0.00011639749745380474
428,Sonar Transducer 8490,472,Defensa Náutica 9030,3,0.010452961672473868,4.226070916171347,8.729812309035356e-05
428,Sonar Transducer 8490,280,Defensa Náutica 7532,3,0.010452961672473868,4.0361351446580285,8.729812309035356e-05
428,Sonar Transducer 8490,291,GPS Plotter 4422,7,0.024390243902439025,3.862537934135102,0.0002036956205441583
428,Sonar Transducer 8490,218,Bússola de Bordo 4059,3,0.010452961672473868,3.628444726005702,8.729812309035356e-05
429,GPS Plotter 3591,402,Tinta Antifouling 3241,2,0.019801980198019802,7.477967576977479,5.819874872690237e-05
429,GPS Plotter 3591,122,Vela Mestra 7742,2,0.019801980198019802,7.015412881494335,5.819874872690237e-05
429,GPS Plotter 3591,18,Âncora Bruce 7120,2,0.019801980198019802,6.943827035764801,5.819874872690237e-05
429,GPS Plotter 3591,461,Colete Salva-Vidas 3259,2,0.019801980198019802,6.419764617971231,5.819874872690237e-05
429,GPS Plotter 3591,121,GPS Plotter 1152,3,0.0297029702970297,6.224040086935523,8.729812309035356e-05
430,GPS Plotter 9763,113,Hélice de Alumínio 1281,5,0.01607717041800643,4.682135266227042,0.00014549687181725592
430,GPS Plotter 9763,418,Tinta Antifouling 6959,4,0.012861736334405145,4.209462563160312,0.00011639749745380474
430,GPS Plotter 9763,246,Motor de Popa 1365,3,0.00964630225080386,3.683279742765274,8.729812309035356e-05
430,GPS Plotter 9763,452,Tinta Antifouling 4641,3,0.00964630225080386,3.314951768488746,8.729812309035356e-05
430,GPS Plotter 9763,371,Motor de Popa 4088,3,0.00964630225080386,3.1570969223702345,8.729812309035356e-05
431,Hélice de Alumínio 571,61,Tinta Antifouling 693,4,0.012903225806451613,4.571333555038244,0.00011639749745380474
431,Hélice de Alumínio 571,330,Bússola de Bordo 4659,3,0.00967741935483871,3.779142228739003,8.729812309035356e-05
431,Hélice de Alumínio 571,193,Cabo Náutico 8225,3,0.00967741935483871,3.393515470704411,8.729812309035356e-05
431,Hélice de Alumínio 571,434,Defensa Náutica 5998,3,0.00967741935483871,3.1672811059907833,8.729812309035356e-05
431,Hélice de Alumínio 571,390,Defensa Náutica 3955,3,0.00967741935483871,3.1080795899909557,8.729812309035356e-05
432,Defensa Náutica 2623,45,Tinta Antifouling 3620,3,0.00964630225080386,3.8999432570455834,8.729812309035356e-05
432,Defensa Náutica 2623,463,Motor de Popa 8671,3,0.00964630225080386,3.8102893890675245,8.729812309035356e-05
432,Defensa Náutica 2623,427,Âncora Bruce 5445,3,0.00964630225080386,3.5644642671922,8.729812309035356e-05
432,Defensa Náutica 2623,151,Hélice de Alumínio 7225,3,0.00964630225080386,3.48942291419868,8.729812309035356e-05
432,Defensa Náutica 2623,139,Sonar Transducer 7171,3,0.00964630225080386,3.282130463850244,8.729812309035356e-05
433,Colete Salva-Vidas 2045,270,Defensa Náutica 8531,2,0.02247191011235955,8.775536261491318,5.819874872690237e-05
433,Colete Salva-Vidas 2045,109,Âncora Bruce 8139,2,0.02247191011235955,8.2153956490557,5.819874872690237e-05
433,Colete Salva-Vidas 2045,252,Defensa Náutica 9558,2,0.02247191011235955,7.425453759723422,5.819874872690237e-05
433,Colete Salva-Vidas 2045,54,Colete Salva-Vidas 6302,2,0.02247191011235955,7.285350858596566,5.819874872690237e-05
433,Colete Salva-Vidas 2045,141,Motor de Popa 5440,5,0.056179775280898875,6.371676493492045,0.00014549687181725592
434,Defensa Náutica 5998,347,Bússola de Bordo 9956,2,0.01904761904761905,7.611295681063123,5.819874872690237e-05
434,Defensa Náutica 5998,280,Defensa Náutica 7532,2,0.01904761904761905,7.3547351524879625,5.819874872690237e-05
434,Defensa Náutica 5998,104,Bússola de Bordo 7303,2,0.01904761904761905,6.480905233380482,5.819874872690237e-05
434,Defensa Náutica 5998,205,Cabo Náutico 6267,3,0.02857142857142857,4.720467032967033,8.729812309035356e-05
434,Defensa Náutica 5998,264,Bateria Náutica 1358,4,0.0380952380952381,4.053073861123397,0.00011639749745380474
435,Bateria Náutica 5770,248,Tinta Antifouling 3953,4,0.013333333333333334,4.536633663366337,0.00011639749745380474
435,Bateria Náutica 5770,402,Tinta Antifouling 3241,3,0.01,3.7763736263736267,8.729812309035356e-05
435,Bateria Náutica 5770,104,Bússola de Bordo 7303,3,0.01,3.4024752475247526,8.729812309035356e-05
435,Bateria Náutica 5770,112,Âncora Bruce 7692,3,0.01,3.241981132075472,8.729812309035356e-05
435,Bateria Náutica 5770,314,Tinta Antifouling 2982,3,0.01,3.241981132075472,8.729812309035356e-05
436,Bateria Náutica 6370,371,Motor de Popa 4088,5,0.015060240963855422,4.929001721170396,0.00014549687181725592
436,Bateria Náutica 6370,30,Colete Salva-Vidas 8612,3,0.009036144578313253,3.6967512908777964,8.729812309035356e-05
436,Bateria Náutica 6370,221,Sonar Transducer 4498,4,0.012048192771084338,3.4503012048192776,0.00011639749745380474
436,Bateria Náutica 6370,142,Cabo Náutico 3932,3,0.009036144578313253,3.2687064045656307,8.729812309035356e-05
436,Bateria Náutica 6370,398,Âncora Bruce 4713,3,0.009036144578313253,3.1366374589266153,8.729812309035356e-05
437,Hélice de Alumínio 728,94,Tinta Antifouling 569,2,0.016666666666666666,5.670792079207921,5.819874872690237e-05
437,Hélice de Alumínio 728,487,Bússola de Bordo 5643,2,0.016666666666666666,5.206818181818182,5.819874872690237e-05
437,Hélice de Alumínio 728,185,Motor de Popa 2690,2,0.016666666666666666,4.9375,5.819874872690237e-05
437,Hélice de Alumínio 728,300,GPS Plotter 7543,2,0.016666666666666666,4.895299145299145,5.819874872690237e-05
437,Hélice de Alumínio 728,473,Motor de Popa 8491,5,0.041666666666666664,4.560111464968153,0.00014549687181725592
438,Colete Salva-Vidas 2217,380,Sonar Transducer 8538,4,0.0182648401826484,5.811770674784373,0.00011639749745380474
438,Colete Salva-Vidas 2217,347,Bússola de Bordo 9956,3,0.0136986301369863,5.47387703090156,8.729812309035356e-05
438,Colete Salva-Vidas 2217,246,Motor de Popa 1365,3,0.0136986301369863,5.230593607305936,8.729812309035356e-05
438,Colete Salva-Vidas 2217,427,Âncora Bruce 5445,3,0.0136986301369863,5.061864781263808,8.729812309035356e-05
438,Colete Salva-Vidas 2217,489,Defensa Náutica 9755,3,0.0136986301369863,4.279576587795765,8.729812309035356e-05
439,Motor de Popa 1376,472,Defensa Náutica 9030,4,0.01238390092879257,5.006738299034784,0.00011639749745380474
439,Motor de Popa 1376,463,Motor de Popa 8671,3,0.009287925696594427,3.6687306501547985,8.729812309035356e-05
439,Motor de Popa 1376,309,Motor de Popa 4415,3,0.009287925696594427,3.6687306501547985,8.729812309035356e-05
439,Motor de Popa 1376,189,Cabo Náutico 8341,3,0.009287925696594427,3.507467764433709,8.729812309035356e-05
439,Motor de Popa 1376,172,Defensa Náutica 2684,3,0.009287925696594427,3.4320383501448113,8.729812309035356e-05
440,Bússola de Bordo 553,228,Defensa Náutica 9651,3,0.014492753623188406,4.743271221532091,8.729812309035356e-05
440,Bússola de Bordo 553,42,Tinta Antifouling 503,3,0.014492753623188406,4.116061803808839,8.729812309035356e-05
440,Bússola de Bordo 553,370,Tinta Antifouling 5865,5,0.024154589371980676,3.93399271928017,0.00014549687181725592
440,Bússola de Bordo 553,85,Hélice de Alumínio 6549,2,0.00966183574879227,3.6892109500805152,5.819874872690237e-05
440,Bússola de Bordo 553,246,Motor de Popa 1365,2,0.00966183574879227,3.6892109500805152,5.819874872690237e-05
441,Colete Salva-Vidas 4674,282,Cabo Náutico 8086,4,0.013513513513513514,5.047737955346651,0.00011639749745380474
441,Colete Salva-Vidas 4674,109,Âncora Bruce 8139,3,0.010135135135135136,3.705254456584244,8.729812309035356e-05
441,Colete Salva-Vidas 4674,478,Tinta Antifouling 3290,3,0.010135135135135136,3.6662517780938835,8.729812309035356e-05
441,Colete Salva-Vidas 4674,498,GPS Plotter 7720,9,0.030405405405405407,3.6534327159327162,0.00026189436927106065
441,Colete Salva-Vidas 4674,349,Bateria Náutica 5090,3,0.010135135135135136,3.5181203931203933,8.729812309035356e-05
442,Motor de Popa 8825,471,Colete Salva-Vidas 7201,4,0.012658227848101266,4.1826923076923075,0.00011639749745380474
442,Motor de Popa 8825,280,Defensa Náutica 7532,3,0.00949367088607595,3.665730337078652,8.729812309035356e-05
442,Motor de Popa 8825,321,Colete Salva-Vidas 7573,7,0.022151898734177215,3.573943661971831,0.0002036956205441583
442,Motor de Popa 8825,109,Âncora Bruce 8139,3,0.00949367088607595,3.470744680851064,8.729812309035356e-05
442,Motor de Popa 8825,365,Sonar Transducer 455,3,0.00949367088607595,3.36340206185567,8.729812309035356e-05
443,Vela Mestra 6757,109,Âncora Bruce 8139,3,0.01485148514851485,5.42948177796503,8.729812309035356e-05
443,Vela Mestra 6757,396,Bússola de Bordo 8014,3,0.01485148514851485,5.42948177796503,8.729812309035356e-05
443,Vela Mestra 6757,404,Bússola de Bordo 679,3,0.01485148514851485,4.907416222391469,8.729812309035356e-05
443,Vela Mestra 6757,132,Tinta Antifouling 7287,3,0.01485148514851485,4.814823463478423,8.729812309035356e-05
443,Vela Mestra 6757,46,Defensa Náutica 5036,5,0.024752475247524754,4.31786198924461,0.00014549687181725592
444,Hélice de Alumínio 4479,132,Tinta Antifouling 7287,4,0.020833333333333332,6.754127358490566,0.00011639749745380474
444,Hélice de Alumínio 4479,172,Defensa Náutica 2684,2,0.010416666666666666,3.849126344086021,5.819874872690237e-05
444,Hélice de Alumínio 4479,26,Bússola de Bordo 3795,4,0.020833333333333332,3.808178191489361,0.00011639749745380474
444,Hélice de Alumínio 4479,480,Hélice de Alumínio 4260,2,0.010416666666666666,3.690399484536082,5.819874872690237e-05
444,Hélice de Alumínio 4479,139,Sonar Transducer 7171,2,0.010416666666666666,3.5442450495049505,5.819874872690237e-05
445,Hélice de Alumínio 9779,200,Tinta Antifouling 4777,3,0.015789473684210527,5.962695199537305,8.729812309035356e-05
445,Hélice de Alumínio 9779,316,Cabo Náutico 6564,6,0.031578947368421054,4.759695290858725,0.00017459624618070712
445,Hélice de Alumínio 9779,27,Colete Salva-Vidas 7001,4,0.021052631578947368,3.931922196796339,0.00011639749745380474
445,Hélice de Alumínio 9779,491,Bússola de Bordo 4004,2,0.010526315789473684,3.5815528921313184,5.819874872690237e-05
445,Hélice de Alumínio 9779,17,GPS Plotter 3436,4,0.021052631578947368,3.5464396284829722,0.00011639749745380474
446,Vela Mestra 2993,367,Sonar Transducer 4574,3,0.03296703296703297,10.789638932496075,8.729812309035356e-05
446,Vela Mestra 2993,463,Motor de Popa 8671,2,0.02197802197802198,8.681318681318682,5.819874872690237e-05
446,Vela Mestra 2993,79,Sonar Transducer 5255,2,0.02197802197802198,8.391941391941392,5.819874872690237e-05
446,Vela Mestra 2993,349,Bateria Náutica 5090,2,0.02197802197802198,7.629037629037629,5.819874872690237e-05
446,Vela Mestra 2993,404,Bússola de Bordo 679,2,0.02197802197802198,7.262256973795435,5.819874872690237e-05
447,Cabo Náutico 2366,163,Defensa Náutica 1277,3,0.014018691588785047,4.866185216652506,8.729812309035356e-05
447,Cabo Náutico 2366,349,Bateria Náutica 5090,3,0.014018691588785047,4.866185216652506,8.729812309035356e-05
447,Cabo Náutico 2366,495,Sonar Transducer 4154,3,0.014018691588785047,4.67720714998639,8.729812309035356e-05
447,Cabo Náutico 2366,137,Motor de Popa 8544,3,0.014018691588785047,4.0483389617529255,8.729812309035356e-05
447,Cabo Náutico 2366,245,Cabo Náutico 7064,5,0.02336448598130841,3.994629655461013,0.00014549687181725592
448,Bateria Náutica 6898,359,Hélice de Alumínio 8562,3,0.03409090909090909,13.46590909090909,8.729812309035356e-05
448,Bateria Náutica 6898,427,Âncora Bruce 5445,2,0.022727272727272728,8.398093841642229,5.819874872690237e-05
448,Bateria Náutica 6898,18,Âncora Bruce 7120,2,0.022727272727272728,7.969619666048238,5.819874872690237e-05
448,Bateria Náutica 6898,461,Colete Salva-Vidas 3259,2,0.022727272727272728,7.368138936535163,5.819874872690237e-05
448,Bateria Náutica 6898,479,Motor de Popa 9417,5,0.056818181818181816,6.641349721706864,0.00014549687181725592
449,Bússola de Bordo 8282,218,Bússola de Bordo 4059,2,0.0196078431372549,6.806298276886512,5.819874872690237e-05
449,Bússola de Bordo 8282,324,Colete Salva-Vidas 5603,2,0.0196078431372549,6.671520093185789,5.819874872690237e-05
449,Bússola de Bordo 8282,166,GPS Plotter 7150,2,0.0196078431372549,6.239106753812636,5.819874872690237e-05
449,Bússola de Bordo 8282,196,Colete Salva-Vidas 9616,3,0.029411764705882353,5.23697043584273,8.729812309035356e-05
449,Bússola de Bordo 8282,344,Âncora Bruce 3286,3,0.029411764705882353,5.07907182973692,8.729812309035356e-05
450,Hélice de Alumínio 290,252,Defensa Náutica 9558,4,0.021739130434782608,7.18331939799331,0.00011639749745380474
450,Hélice de Alumínio 290,463,Motor de Popa 8671,3,0.016304347826086956,6.440217391304348,8.729812309035356e-05
450,Hélice de Alumínio 290,231,GPS Plotter 6626,7,0.03804347826086957,4.587242562929062,0.0002036956205441583
450,Hélice de Alumínio 290,8,Cabo Náutico 1373,2,0.010869565217391304,4.244688735177865,5.819874872690237e-05
450,Hélice de Alumínio 290,136,Colete Salva-Vidas 9822,2,0.010869565217391304,4.196995603321935,5.819874872690237e-05
451,Cabo Náutico 5416,45,Tinta Antifouling 3620,3,0.008928571428571428,3.6097689075630246,8.729812309035356e-05
451,Cabo Náutico 5416,182,Vela Mestra 3395,6,0.017857142857142856,3.5677948504983386,0.00017459624618070712
451,Cabo Náutico 5416,353,Cabo Náutico 2862,3,0.008928571428571428,3.2641527355623094,8.729812309035356e-05
451,Cabo Náutico 5416,10,Colete Salva-Vidas 6199,3,0.008928571428571428,2.978935506241331,8.729812309035356e-05
451,Cabo Náutico 5416,65,Colete Salva-Vidas 1933,5,0.01488095238095238,2.8568934557063046,0.00014549687181725592
452,Tinta Antifouling 4641,18,Âncora Bruce 7120,2,0.02,7.013265306122449,5.819874872690237e-05
452,Tinta Antifouling 4641,324,Colete Salva-Vidas 5603,2,0.02,6.804950495049505,5.819874872690237e-05
452,Tinta Antifouling 4641,225,Âncora Bruce 7480,2,0.02,6.672815533980582,5.819874872690237e-05
452,Tinta Antifouling 4641,99,Âncora Bruce 2417,2,0.02,6.545714285714285,5.819874872690237e-05
452,Tinta Antifouling 4641,358,Motor de Popa 553,2,0.02,6.483962264150944,5.819874872690237e-05
453,Motor de Popa 8838,166,GPS Plotter 7150,5,0.018115942028985508,5.764392109500806,0.00014549687181725592
453,Motor de Popa 8838,172,Defensa Náutica 2684,4,0.014492753623188406,5.3553062178588124,0.00011639749745380474
453,Motor de Popa 8838,155,Bateria Náutica 5487,5,0.018115942028985508,5.320977331846898,0.00014549687181725592
453,Motor de Popa 8838,480,Hélice de Alumínio 4260,3,0.010869565217391304,3.850851636037651,8.729812309035356e-05
453,Motor de Popa 8838,375,Sonar Transducer 3481,6,0.021739130434782608,3.79220922533657,0.00017459624618070712
454,Vela Mestra 401,107,Tinta Antifouling 5097,2,0.02247191011235955,6.957181901002126,5.819874872690237e-05
454,Vela Mestra 401,369,Hélice de Alumínio 393,3,0.033707865168539325,5.76303873888982,8.729812309035356e-05
454,Vela Mestra 401,474,Tinta Antifouling 8791,3,0.033707865168539325,5.412947600546047,8.729812309035356e-05
454,Vela Mestra 401,58,Sonar Transducer 3832,3,0.033707865168539325,5.313627461086486,8.729812309035356e-05
454,Vela Mestra 401,121,GPS Plotter 1152,2,0.02247191011235955,4.7088243354343655,5.819874872690237e-05
455,Defensa Náutica 497,79,Sonar Transducer 5255,3,0.009404388714733543,3.5909090909090913,8.729812309035356e-05
455,Defensa Náutica 497,48,Bússola de Bordo 6684,3,0.009404388714733543,3.366477272727273,8.729812309035356e-05
455,Defensa Náutica 497,281,Vela Mestra 8105,3,0.009404388714733543,3.366477272727273,8.729812309035356e-05
455,Defensa Náutica 497,349,Bateria Náutica 5090,3,0.009404388714733543,3.264462809917356,8.729812309035356e-05
455,Defensa Náutica 497,324,Colete Salva-Vidas 5603,3,0.009404388714733543,3.1998199819982003,8.729812309035356e-05
456,Colete Salva-Vidas 2374,241,Defensa Náutica 5179,5,0.014577259475218658,4.245317981914315,0.00014549687181725592
456,Colete Salva-Vidas 2374,452,Tinta Antifouling 4641,4,0.011661807580174927,4.007580174927114,0.00011639749745380474
456,Colete Salva-Vidas 2374,185,Motor de Popa 2690,4,0.011661807580174927,3.454810495626822,0.00011639749745380474
456,Colete Salva-Vidas 2374,317,Defensa Náutica 3153,3,0.008746355685131196,3.415551285449245,8.729812309035356e-05
456,Colete Salva-Vidas 2374,139,Sonar Transducer 7171,3,0.008746355685131196,2.9759258724706292,8.729812309035356e-05
457,Tinta Antifouling 8834,228,Defensa Náutica 9651,3,0.02586206896551724,8.464285714285714,8.729812309035356e-05
457,Tinta Antifouling 8834,325,Âncora Bruce 5388,2,0.017241379310344827,6.171875,5.819874872690237e-05
457,Tinta Antifouling 8834,365,Sonar Transducer 455,2,0.017241379310344827,6.108247422680412,5.819874872690237e-05
457,Tinta Antifouling 8834,54,Colete Salva-Vidas 6302,2,0.017241379310344827,5.589622641509433,5.819874872690237e-05
457,Tinta Antifouling 8834,112,Âncora Bruce 7692,2,0.017241379310344827,5.589622641509433,5.819874872690237e-05
458,Sonar Transducer 9222,193,Cabo Náutico 8225,3,0.027777777777777776,9.740646258503402,8.729812309035356e-05
458,Sonar Transducer 9222,330,Bússola de Bordo 4659,2,0.018518518518518517,7.231691919191919,5.819874872690237e-05
458,Sonar Transducer 9222,142,Cabo Náutico 3932,2,0.018518518518518517,6.698830409356725,5.819874872690237e-05
458,Sonar Transducer 9222,452,Tinta Antifouling 4641,2,0.018518518518518517,6.363888888888889,5.819874872690237e-05
458,Sonar Transducer 9222,419,Defensa Náutica 9143,2,0.018518518518518517,5.838430173292559,5.819874872690237e-05
459,Vela Mestra 9743,41,Âncora Bruce 2416,9,0.028481012658227847,4.89375,0.00026189436927106065
459,Vela Mestra 9743,372,Vela Mestra 500,4,0.012658227848101266,3.918918918918919,0.00011639749745380474
459,Vela Mestra 9743,296,Vela Mestra 9794,3,0.00949367088607595,3.4342105263157894,8.729812309035356e-05
459,Vela Mestra 9743,140,Bússola de Bordo 5528,6,0.0189873417721519,2.8744493392070485,0.00017459624618070712
459,Vela Mestra 9743,400,Vela Mestra 4667,3,0.00949367088607595,2.8369565217391304,8.729812309035356e-05
460,GPS Plotter 2098,230,Bússola de Bordo 4361,3,0.014705882352941176,4.859304298642534,8.729812309035356e-05
460,GPS Plotter 2098,380,Sonar Transducer 8538,3,0.014705882352941176,4.679330065359477,8.729812309035356e-05
460,GPS Plotter 2098,291,GPS Plotter 4422,5,0.024509803921568627,3.881471943616156,0.00014549687181725592
460,GPS Plotter 2098,186,Motor de Popa 4710,2,0.00980392156862745,3.872549019607843,5.819874872690237e-05
460,GPS Plotter 2098,67,Sonar Transducer 3474,7,0.03431372549019608,3.8038425047438333,0.0002036956205441583
461,Colete Salva-Vidas 3259,314,Tinta Antifouling 2982,3,0.02830188679245283,9.175418298326807,8.729812309035356e-05
461,Colete Salva-Vidas 3259,448,Bateria Náutica 6898,2,0.018867924528301886,7.368138936535162,5.819874872690237e-05
461,Colete Salva-Vidas 3259,429,GPS Plotter 3591,2,0.018867924528301886,6.419764617971231,5.819874872690237e-05
461,Colete Salva-Vidas 3259,424,Colete Salva-Vidas 8874,3,0.02830188679245283,5.464013143947424,8.729812309035356e-05
461,Colete Salva-Vidas 3259,174,Bússola de Bordo 755,5,0.04716981132075472,5.2121883152338775,0.00014549687181725592
462,Hélice de Alumínio 1260,120,Motor de Popa 8681,2,0.018691588785046728,6.761436301032956,5.819874872690237e-05
462,Hélice de Alumínio 1260,263,Tinta Antifouling 3557,2,0.018691588785046728,6.297416162726773,5.819874872690237e-05
462,Hélice de Alumínio 1260,276,GPS Plotter 4567,3,0.028037383177570093,5.323230237001084,8.729812309035356e-05
462,Hélice de Alumínio 1260,401,Bússola de Bordo 4473,3,0.028037383177570093,5.044527083231394,8.729812309035356e-05
462,Hélice de Alumínio 1260,223,GPS Plotter 582,4,0.037383177570093455,4.507624200688637,0.00011639749745380474
463,Motor de Popa 8671,136,Colete Salva-Vidas 9822,2,0.022988505747126436,8.876404494382022,5.819874872690237e-05
463,Motor de Popa 8671,446,Vela Mestra 2993,2,0.022988505747126436,8.681318681318682,5.819874872690237e-05
463,Motor de Popa 8671,450,Hélice de Alumínio 290,3,0.034482758620689655,6.440217391304349,8.729812309035356e-05
463,Motor de Popa 8671,147,Motor de Popa 1923,3,0.034482758620689655,6.171875,8.729812309035356e-05
463,Motor de Popa 8671,20,GPS Plotter 7169,3,0.034482758620689655,5.866336633663367,8.729812309035356e-05
464,GPS Plotter 9584,48,Bússola de Bordo 6684,4,0.012861736334405145,4.604099678456591,0.00011639749745380474
464,GPS Plotter 9584,471,Colete Salva-Vidas 7201,4,0.012861736334405145,4.249938164729161,0.00011639749745380474
464,GPS Plotter 9584,437,Hélice de Alumínio 728,4,0.012861736334405145,3.6832797427652735,0.00011639749745380474
464,GPS Plotter 9584,248,Tinta Antifouling 3953,3,0.00964630225080386,3.282130463850244,8.729812309035356e-05
464,GPS Plotter 9584,487,Bússola de Bordo 5643,3,0.00964630225080386,3.013592516807951,8.729812309035356e-05
465,Defensa Náutica 792,61,Tinta Antifouling 693,4,0.01282051282051282,4.54203013481364,0.00011639749745380474
465,Defensa Náutica 792,292,Vela Mestra 7242,4,0.01282051282051282,3.8647098515519565,0.00011639749745380474
465,Defensa Náutica 792,365,Sonar Transducer 455,3,0.009615384615384616,3.4065226011102303,8.729812309035356e-05
465,Defensa Náutica 792,319,Defensa Náutica 8553,3,0.009615384615384616,3.337703962703963,8.729812309035356e-05
465,Defensa Náutica 792,429,GPS Plotter 3591,3,0.009615384615384616,3.271610814927647,8.729812309035356e-05
466,Bússola de Bordo 1900,319,Defensa Náutica 8553,4,0.012903225806451613,4.478983382209189,0.00011639749745380474
466,Bússola de Bordo 1900,69,Motor de Popa 2195,3,0.00967741935483871,3.959101382488479,8.729812309035356e-05
466,Bússola de Bordo 1900,25,Bússola de Bordo 799,4,0.012903225806451613,3.924065087068227,0.00011639749745380474
466,Bússola de Bordo 1900,453,Motor de Popa 8838,9,0.02903225806451613,3.6148316970546985,0.00026189436927106065
466,Bússola de Bordo 1900,398,Âncora Bruce 4713,3,0.00967741935483871,3.3592375366568916,8.729812309035356e-05
467,Colete Salva-Vidas 2345,370,Tinta Antifouling 5865,3,0.03571428571428571,5.81668923493568,8.729812309035356e-05
467,Colete Salva-Vidas 2345,417,Bússola de Bordo 6310,4,0.047619047619047616,5.701841712294674,0.00011639749745380474
467,Colete Salva-Vidas 2345,5,Bússola de Bordo 3641,4,0.047619047619047616,5.5660835762876575,0.00011639749745380474
467,Colete Salva-Vidas 2345,30,Colete Salva-Vidas 8612,1,0.011904761904761904,4.8703231292517,2.9099374363451186e-05
467,Colete Salva-Vidas 2345,463,Motor de Popa 8671,1,0.011904761904761904,4.702380952380952,2.9099374363451186e-05
468,Tinta Antifouling 6054,365,Sonar Transducer 455,6,0.018867924528301886,6.684497179537055,0.00017459624618070712
468,Tinta Antifouling 6054,472,Defensa Náutica 9030,4,0.012578616352201259,5.085460599334073,0.00011639749745380474
468,Tinta Antifouling 6054,240,Bússola de Bordo 702,4,0.012578616352201259,4.279843078647488,0.00011639749745380474
468,Tinta Antifouling 6054,239,Colete Salva-Vidas 326,7,0.0220125786163522,3.782311320754717,0.0002036956205441583
468,Tinta Antifouling 6054,8,Cabo Náutico 1373,3,0.009433962264150943,3.684069468267581,8.729812309035356e-05
469,Motor de Popa 9450,8,Cabo Náutico 1373,2,0.009950248756218905,3.885685210312076,5.819874872690237e-05
469,Motor de Popa 9450,79,Sonar Transducer 5255,2,0.009950248756218905,3.799336650082919,5.819874872690237e-05
469,Motor de Popa 9450,339,Sonar Transducer 6256,2,0.009950248756218905,3.67677740330605,5.819874872690237e-05
469,Motor de Popa 9450,409,Hélice de Alumínio 9928,4,0.01990049751243781,3.6571154920584243,0.00011639749745380474
469,Motor de Popa 9450,34,Defensa Náutica 5959,2,0.009950248756218905,3.5251577165717802,5.819874872690237e-05
470,Defensa Náutica 9426,104,Bússola de Bordo 7303,3,0.009554140127388535,3.250772529482248,8.729812309035356e-05
470,Defensa Náutica 9426,495,Sonar Transducer 4154,3,0.009554140127388535,3.1876507327932715,8.729812309035356e-05
470,Defensa Náutica 9426,499,Âncora Bruce 3938,3,0.009554140127388535,3.1570002449779517,8.729812309035356e-05
470,Defensa Náutica 9426,418,Tinta Antifouling 6959,3,0.009554140127388535,3.126933575978162,8.729812309035356e-05
470,Defensa Náutica 9426,487,Bússola de Bordo 5643,3,0.009554140127388535,2.984800231615518,8.729812309035356e-05
471,Colete Salva-Vidas 7201,478,Tinta Antifouling 3290,2,0.019230769230769232,6.956477732793522,5.819874872690237e-05
471,Colete Salva-Vidas 7201,354,Bússola de Bordo 1372,2,0.019230769230769232,6.813045202220461,5.819874872690237e-05
471,Colete Salva-Vidas 7201,395,Vela Mestra 9165,2,0.019230769230769232,6.608653846153847,5.819874872690237e-05
471,Colete Salva-Vidas 7201,371,Motor de Popa 4088,2,0.019230769230769232,6.293956043956044,5.819874872690237e-05
471,Colete Salva-Vidas 7201,343,Bússola de Bordo 2338,2,0.019230769230769232,6.176312005751258,5.819874872690237e-05
472,Defensa Náutica 9030,403,Vela Mestra 807,2,0.023529411764705882,9.40218878248974,5.819874872690237e-05
472,Defensa Náutica 9030,109,Âncora Bruce 8139,2,0.023529411764705882,8.60200250312891,5.819874872690237e-05
472,Defensa Náutica 9030,398,Âncora Bruce 4713,2,0.023529411764705882,8.167557932263815,5.819874872690237e-05
472,Defensa Náutica 9030,184,Tinta Antifouling 8753,2,0.023529411764705882,7.4869281045751634,5.819874872690237e-05
472,Defensa Náutica 9030,244,Sonar Transducer 6595,4,0.047058823529411764,7.092879256965944,0.00011639749745380474
473,Motor de Popa 8491,437,Hélice de Alumínio 728,5,0.01592356687898089,4.560111464968153,0.00014549687181725592
473,Motor de Popa 8491,112,Âncora Bruce 7692,4,0.012738853503184714,4.129912270159837,0.00011639749745380474
473,Motor de Popa 8491,185,Motor de Popa 2690,4,0.012738853503184714,3.7738853503184715,0.00011639749745380474
473,Motor de Popa 8491,4,Sonar Transducer 9933,6,0.01910828025477707,3.773885350318471,0.00017459624618070712
473,Motor de Popa 8491,282,Cabo Náutico 8086,3,0.009554140127388535,3.5687828856272503,8.729812309035356e-05
474,Tinta Antifouling 8791,454,Vela Mestra 401,3,0.014018691588785047,5.412947600546047,8.729812309035356e-05
474,Tinta Antifouling 8791,15,Bússola de Bordo 6287,3,0.014018691588785047,4.769825113352457,8.729812309035356e-05
474,Tinta Antifouling 8791,418,Tinta Antifouling 6959,3,0.014018691588785047,4.588117489986649,8.729812309035356e-05
474,Tinta Antifouling 8791,358,Motor de Popa 553,3,0.014018691588785047,4.544833362722624,8.729812309035356e-05
474,Tinta Antifouling 8791,419,Defensa Náutica 9143,3,0.014018691588785047,4.4197462059504415,8.729812309035356e-05
475,Bússola de Bordo 2331,104,Bússola de Bordo 7303,4,0.012345679012345678,4.200586725339201,0.00011639749745380474
475,Bússola de Bordo 2331,83,Bússola de Bordo 7257,7,0.021604938271604937,3.5867328681338337,0.0002036956205441583
475,Bússola de Bordo 2331,296,Vela Mestra 9794,3,0.009259259259259259,3.3494152046783623,8.729812309035356e-05
475,Bússola de Bordo 2331,376,Defensa Náutica 7831,3,0.009259259259259259,3.3494152046783623,8.729812309035356e-05
475,Bússola de Bordo 2331,480,Hélice de Alumínio 4260,3,0.009259259259259259,3.2803550973654065,8.729812309035356e-05
476,Vela Mestra 5689,365,Sonar Transducer 455,3,0.014354066985645933,5.085335174863118,8.729812309035356e-05
476,Vela Mestra 5689,278,Sonar Transducer 5470,3,0.014354066985645933,4.7891020578808,8.729812309035356e-05
476,Vela Mestra 5689,309,Motor de Popa 4415,2,0.009569377990430622,3.7799043062200957,5.819874872690237e-05
476,Vela Mestra 5689,200,Tinta Antifouling 4777,2,0.009569377990430622,3.6137546663862454,5.819874872690237e-05
476,Vela Mestra 5689,282,Cabo Náutico 8086,2,0.009569377990430622,3.574474724360308,5.819874872690237e-05
477,Motor de Popa 8461,480,Hélice de Alumínio 4260,3,0.015,5.314175257731958,8.729812309035356e-05
477,Motor de Popa 8461,64,Tinta Antifouling 9693,6,0.03,5.053676470588235,0.00017459624618070712
477,Motor de Popa 8461,215,Âncora Bruce 3775,3,0.015,4.817523364485981,8.729812309035356e-05
477,Motor de Popa 8461,355,Cabo Náutico 1755,3,0.015,4.772916666666666,8.729812309035356e-05
477,Motor de Popa 8461,300,GPS Plotter 7543,3,0.015,4.405769230769231,8.729812309035356e-05
478,Tinta Antifouling 3290,186,Motor de Popa 4710,2,0.021052631578947368,8.31578947368421,5.819874872690237e-05
478,Tinta Antifouling 3290,397,GPS Plotter 3411,2,0.021052631578947368,6.956477732793521,5.819874872690237e-05
478,Tinta Antifouling 3290,471,Colete Salva-Vidas 7201,2,0.021052631578947368,6.956477732793521,5.819874872690237e-05
478,Tinta Antifouling 3290,132,Tinta Antifouling 7287,2,0.021052631578947368,6.825223435948361,5.819874872690237e-05
478,Tinta Antifouling 3290,181,Bateria Náutica 7848,3,0.031578947368421054,4.978029937228392,8.729812309035356e-05
479,Motor de Popa 9417,448,Bateria Náutica 6898,5,0.017006802721088437,6.641349721706865,0.00014549687181725592
479,Motor de Popa 9417,93,Bússola de Bordo 2692,7,0.023809523809523808,4.132395382395382,0.0002036956205441583
479,Motor de Popa 9417,472,Defensa Náutica 9030,3,0.01020408163265306,4.125450180072028,8.729812309035356e-05
479,Motor de Popa 9417,309,Motor de Popa 4415,3,0.01020408163265306,4.030612244897958,8.729812309035356e-05
479,Motor de Popa 9417,305,Bateria Náutica 5556,4,0.013605442176870748,3.8962585034013606,0.00011639749745380474
480,Hélice de Alumínio 4260,396,Bússola de Bordo 8014,2,0.020618556701030927,7.53783724500987,5.819874872690237e-05
480,Hélice de Alumínio 4260,390,Defensa Náutica 3955,2,0.020618556701030927,6.622025243279699,5.819874872690237e-05
480,Hélice de Alumínio 4260,477,Motor de Popa 8461,3,0.030927835051546393,5.314175257731959,8.729812309035356e-05
480,Hélice de Alumínio 4260,320,Colete Salva-Vidas 7959,3,0.030927835051546393,5.2099757428744695,8.729812309035356e-05
480,Hélice de Alumínio 4260,310,Vela Mestra 8489,3,0.030927835051546393,5.109783901665345,8.729812309035356e-05
481,Bússola de Bordo 2683,296,Vela Mestra 9794,5,0.016666666666666666,6.028947368421052,0.00014549687181725592
481,Bússola de Bordo 2683,454,Vela Mestra 401,3,0.01,3.86123595505618,8.729812309035356e-05
481,Bússola de Bordo 2683,236,Bateria Náutica 9272,3,0.01,3.369117647058824,8.729812309035356e-05
481,Bússola de Bordo 2683,228,Defensa Náutica 9651,3,0.01,3.2728571428571427,8.729812309035356e-05
481,Bússola de Bordo 2683,51,Defensa Náutica 9969,3,0.01,3.1819444444444445,8.729812309035356e-05
482,GPS Plotter 6316,48,Bússola de Bordo 6684,3,0.013761467889908258,4.926175458715597,8.729812309035356e-05
482,GPS Plotter 6316,119,Motor de Popa 2911,3,0.013761467889908258,4.299207673060884,8.729812309035356e-05
482,GPS Plotter 6316,162,Bateria Náutica 2654,3,0.013761467889908258,4.260476072402678,8.729812309035356e-05
482,GPS Plotter 6316,300,GPS Plotter 7543,3,0.013761467889908258,4.041990119971771,8.729812309035356e-05
482,GPS Plotter 6316,396,Bússola de Bordo 8014,2,0.009174311926605505,3.353991801678704,5.819874872690237e-05
483,Defensa Náutica 9695,397,GPS Plotter 3411,4,0.02040816326530612,6.743524332810046,0.00011639749745380474
483,Defensa Náutica 9695,112,Âncora Bruce 7692,4,0.02040816326530612,6.616288024643819,0.00011639749745380474
483,Defensa Náutica 9695,48,Bússola de Bordo 6684,3,0.015306122448979591,5.479113520408163,8.729812309035356e-05
483,Defensa Náutica 9695,177,GPS Plotter 8413,8,0.04081632653061224,5.374149659863946,0.00023279499490760948
483,Defensa Náutica 9695,494,Motor de Popa 4783,3,0.015306122448979591,4.241894338380513,8.729812309035356e-05
484,Hélice de Alumínio 6668,407,Motor de Popa 3225,3,0.014354066985645933,5.247633105975771,8.729812309035356e-05
484,Hélice de Alumínio 6668,467,Colete Salva-Vidas 2345,2,0.009569377990430622,3.9149008885850987,5.819874872690237e-05
484,Hélice de Alumínio 6668,19,Âncora Bruce 4405,5,0.023923444976076555,3.859761439450098,0.00014549687181725592
484,Hélice de Alumínio 6668,488,Bateria Náutica 9984,4,0.019138755980861243,3.653907496012759,0.00011639749745380474
484,Hélice de Alumínio 6668,142,Cabo Náutico 3932,2,0.009569377990430622,3.461596575169982,5.819874872690237e-05
485,GPS Plotter 5365,355,Cabo Náutico 1755,4,0.021505376344086023,6.84289127837515,0.00011639749745380474
485,GPS Plotter 5365,13,GPS Plotter 7021,3,0.016129032258064516,6.09092520382843,8.729812309035356e-05
485,GPS Plotter 5365,412,Motor de Popa 6647,5,0.026881720430107527,4.378153187585996,0.00014549687181725592
485,GPS Plotter 5365,472,Defensa Náutica 9030,2,0.010752688172043012,4.347248576850095,5.819874872690237e-05
485,GPS Plotter 5365,56,Sonar Transducer 4571,2,0.010752688172043012,4.296699174793699,5.819874872690237e-05
486,Genérico,252,Defensa Náutica 9558,4,0.014234875444839857,4.703668217903092,0.00011639749745380474
486,Genérico,309,Motor de Popa 4415,3,0.010676156583629894,4.217081850533808,8.729812309035356e-05
486,Genérico,307,Vela Mestra 6857,3,0.010676156583629894,4.076512455516014,8.729812309035356e-05
486,Genérico,281,Vela Mestra 8105,3,0.010676156583629894,3.8217304270462633,8.729812309035356e-05
486,Genérico,367,Sonar Transducer 4574,3,0.010676156583629894,3.494153533299441,8.729812309035356e-05
487,Bússola de Bordo 5643,325,Âncora Bruce 5388,2,0.01818181818181818,6.508522727272727,5.819874872690237e-05
487,Bússola de Bordo 5643,398,Âncora Bruce 4713,2,0.01818181818181818,6.31129476584022,5.819874872690237e-05
487,Bússola de Bordo 5643,199,Colete Salva-Vidas 2755,2,0.01818181818181818,5.8394222599830075,5.819874872690237e-05
487,Bússola de Bordo 5643,91,Hélice de Alumínio 8603,4,0.03636363636363636,5.317601547388781,0.00011639749745380474
487,Bússola de Bordo 5643,437,Hélice de Alumínio 728,2,0.01818181818181818,5.206818181818182,5.819874872690237e-05
488,Bateria Náutica 9984,183,Cabo Náutico 394,5,0.027777777777777776,4.205212922173274,0.00014549687181725592
488,Bateria Náutica 9984,27,Colete Salva-Vidas 7001,4,0.022222222222222223,4.15036231884058,0.00011639749745380474
488,Bateria Náutica 9984,319,Defensa Náutica 8553,2,0.011111111111111112,3.8569023569023573,5.819874872690237e-05
488,Bateria Náutica 9984,250,Hélice de Alumínio 8577,2,0.011111111111111112,3.780528052805281,5.819874872690237e-05
488,Bateria Náutica 9984,429,GPS Plotter 3591,2,0.011111111111111112,3.780528052805281,5.819874872690237e-05
489,Defensa Náutica 9755,376,Defensa Náutica 7831,2,0.01818181818181818,6.577033492822966,5.819874872690237e-05
489,Defensa Náutica 9755,429,GPS Plotter 3591,2,0.01818181818181818,6.186318631863187,5.819874872690237e-05
489,Defensa Náutica 9755,215,Âncora Bruce 3775,2,0.01818181818181818,5.8394222599830075,5.819874872690237e-05
489,Defensa Náutica 9755,355,Cabo Náutico 1755,2,0.01818181818181818,5.7853535353535355,5.819874872690237e-05
489,Defensa Náutica 9755,157,Bússola de Bordo 1248,2,0.01818181818181818,5.680165289256198,5.819874872690237e-05
490,Colete Salva-Vidas 3881,41,Âncora Bruce 2416,6,0.029556650246305417,5.078571428571428,0.00017459624618070712
490,Colete Salva-Vidas 3881,448,Bateria Náutica 6898,2,0.009852216748768473,3.8474025974025974,5.819874872690237e-05
490,Colete Salva-Vidas 3881,120,Motor de Popa 8681,2,0.009852216748768473,3.56390977443609,5.819874872690237e-05
490,Colete Salva-Vidas 3881,395,Vela Mestra 9165,2,0.009852216748768473,3.3857142857142857,5.819874872690237e-05
490,Colete Salva-Vidas 3881,324,Colete Salva-Vidas 5603,2,0.009852216748768473,3.3521923620933523,5.819874872690237e-05
491,Bússola de Bordo 4004,317,Defensa Náutica 3153,2,0.019801980198019802,7.732898289828983,5.819874872690237e-05
491,Bússola de Bordo 4004,324,Colete Salva-Vidas 5603,2,0.019801980198019802,6.737574747573768,5.819874872690237e-05
491,Bússola de Bordo 4004,496,Bateria Náutica 6054,3,0.0297029702970297,5.078321264962317,8.729812309035356e-05
491,Bússola de Bordo 4004,272,Cabo Náutico 4571,4,0.039603960396039604,4.6292180238432,0.00011639749745380474
491,Bússola de Bordo 4004,161,Bússola de Bordo 5772,4,0.039603960396039604,4.124212421242125,0.00011639749745380474
492,Bateria Náutica 4361,207,Tinta Antifouling 179,4,0.019417475728155338,6.416168782673636,0.00011639749745380474
492,Bateria Náutica 4361,79,Sonar Transducer 5255,3,0.014563106796116505,5.560679611650486,8.729812309035356e-05
492,Bateria Náutica 4361,169,Hélice de Alumínio 1674,3,0.014563106796116505,5.21313713592233,8.729812309035356e-05
492,Bateria Náutica 4361,163,Defensa Náutica 1277,3,0.014563106796116505,5.055163283318623,8.729812309035356e-05
492,Bateria Náutica 4361,418,Tinta Antifouling 6959,3,0.014563106796116505,4.76629680998613,8.729812309035356e-05
493,Hélice de Alumínio 5003,44,Motor de Popa 9645,7,0.022950819672131147,3.8662005785920925,0.0002036956205441583
493,Hélice de Alumínio 5003,34,Defensa Náutica 5959,3,0.009836065573770493,3.48470508703735,8.729812309035356e-05
493,Hélice de Alumínio 5003,336,Bateria Náutica 2400,3,0.009836065573770493,3.48470508703735,8.729812309035356e-05
493,Hélice de Alumínio 5003,413,Cabo Náutico 5471,6,0.019672131147540985,3.3801639344262298,0.00017459624618070712
493,Hélice de Alumínio 5003,225,Âncora Bruce 7480,3,0.009836065573770493,3.2817125576953687,8.729812309035356e-05
494,Motor de Popa 4783,349,Bateria Náutica 5090,2,0.016129032258064516,5.598729227761486,5.819874872690237e-05
494,Motor de Popa 4783,398,Âncora Bruce 4713,2,0.016129032258064516,5.598729227761486,5.819874872690237e-05
494,Motor de Popa 4783,429,GPS Plotter 3591,2,0.016129032258064516,5.487863302459278,5.819874872690237e-05
494,Motor de Popa 4783,263,Tinta Antifouling 3557,2,0.016129032258064516,5.434060721062619,5.819874872690237e-05
494,Motor de Popa 4783,215,Âncora Bruce 3775,2,0.016129032258064516,5.180132649984926,5.819874872690237e-05
495,Sonar Transducer 4154,278,Sonar Transducer 5470,3,0.02912621359223301,9.71769252521444,8.729812309035356e-05
495,Sonar Transducer 4154,226,Hélice de Alumínio 3756,3,0.02912621359223301,8.554891710231516,8.729812309035356e-05
495,Sonar Transducer 4154,281,Vela Mestra 8105,2,0.019417475728155338,6.950849514563106,5.819874872690237e-05
495,Sonar Transducer 4154,336,Bateria Náutica 2400,2,0.019417475728155338,6.879191272144929,5.819874872690237e-05
495,Sonar Transducer 4154,240,Bússola de Bordo 702,2,0.019417475728155338,6.606748053446121,5.819874872690237e-05
496,Bateria Náutica 6054,491,Bússola de Bordo 4004,3,0.014925373134328358,5.078321264962317,8.729812309035356e-05
496,Bateria Náutica 6054,499,Âncora Bruce 3938,3,0.014925373134328358,4.931831228473019,8.729812309035356e-05
496,Bateria Náutica 6054,42,Tinta Antifouling 503,3,0.014925373134328358,4.238929320340446,8.729812309035356e-05
496,Bateria Náutica 6054,69,Motor de Popa 2195,2,0.009950248756218905,4.070717839374556,5.819874872690237e-05
496,Bateria Náutica 6054,79,Sonar Transducer 5255,2,0.009950248756218905,3.799336650082919,5.819874872690237e-05
497,Colete Salva-Vidas 9810,56,Sonar Transducer 4571,3,0.010067114093959731,4.022748556266583,8.729812309035356e-05
497,Colete Salva-Vidas 9810,317,Defensa Náutica 3153,3,0.010067114093959731,3.93132245271507,8.729812309035356e-05
497,Colete Salva-Vidas 9810,22,Vela Mestra 7039,6,0.020134228187919462,3.9091115914002956,0.00017459624618070712
497,Colete Salva-Vidas 9810,142,Cabo Náutico 3932,3,0.010067114093959731,3.6416460614623802,8.729812309035356e-05
497,Colete Salva-Vidas 9810,271,Tinta Antifouling 5976,3,0.010067114093959731,3.5665605756590324,8.729812309035356e-05
498,GPS Plotter 7720,271,Tinta Antifouling 5976,3,0.01048951048951049,3.7162064739384326,8.729812309035356e-05
498,GPS Plotter 7720,193,Cabo Náutico 8225,3,0.01048951048951049,3.6782859997145714,8.729812309035356e-05
498,GPS Plotter 7720,441,Colete Salva-Vidas 4674,9,0.03146853146853147,3.653432715932716,0.00026189436927106065
498,GPS Plotter 7720,398,Âncora Bruce 4713,3,0.01048951048951049,3.6411315956770505,8.729812309035356e-05
498,GPS Plotter 7720,332,Bateria Náutica 9527,3,0.01048951048951049,3.60472027972028,8.729812309035356e-05
499,Âncora Bruce 3938,403,Vela Mestra 807,2,0.019230769230769232,7.684481216457961,5.819874872690237e-05
499,Âncora Bruce 3938,307,Vela Mestra 6857,2,0.019230769230769232,7.342948717948719,5.819874872690237e-05
499,Âncora Bruce 3938,402,Tinta Antifouling 3241,2,0.019230769230769232,7.262256973795436,5.819874872690237e-05
499,Âncora Bruce 3938,135,GPS Plotter 3319,4,0.038461538461538464,6.205308775731311,0.00011639749745380474
499,Âncora Bruce 3938,51,Defensa Náutica 9969,2,0.019230769230769232,6.119123931623932,5.819874872690237e-05
500,Motor de Popa 7932,48,Bússola de Bordo 6684,3,0.014634146341463415,5.2385670731707314,8.729812309035356e-05
500,Motor de Popa 7932,122,Vela Mestra 7742,3,0.014634146341463415,5.184561227055569,8.729812309035356e-05
500,Motor de Popa 7932,15,Bússola de Bordo 6287,3,0.014634146341463415,4.979232069548419,8.729812309035356e-05
500,Motor de Popa 7932,38,Sonar Transducer 7290,3,0.014634146341463415,4.882547951693109,8.729812309035356e-05
500,Motor de Popa 7932,309,Motor de Popa 4415,2,0.00975609756097561,3.8536585365853657,5.819874872690237e-05
